process_times;scenario_times;year_times;commodity;technology PyPSA;attribute_times;import_export;region2;param_pypsa;val_times;costs_2030_pypsa.value;ratio_times_o_pypsa;currency_times;costs_2030_pypsa.currency_year
ETSTP_CCGT_GAS_N;ELC-NewTechs;2015;-;CCGT;NCAP_FOM;-;-;FOM;2125;3,3494;634.4419896;MEUR13;2015
ETSTP_CCGT_GAS_N;ELC-NewTechs;2015;-;CCGT;NCAP_FOM;-;-;FOM;2125;3,3494;634.4419896;MEUR13;2015
ETSTP_CCGT_GAS_N;ELC-NewTechs;2015;-;CCGT;ACT_COST;-;-;VOM;555555556;4,4445;124998437.6;MEUR13;2015
ETSTP_CCGT_GAS_N;ELC-NewTechs;2015;-;CCGT;ACT_COST;-;-;VOM;555555556;4,4445;124998437.6;MEUR13;2015
ETSTP_CCGT_GAS_N;ELC-NewTechs;2015;-;CCGT;ACT_EFF;-;-;efficiency;58;0,58;100;-;2015
ETSTP_CCGT_GAS_N;ELC-NewTechs;2015;-;CCGT;ACT_EFF;-;-;efficiency;58;0,58;100;-;2015
ETSTP_CCGT_GAS_N;ELC-NewTechs;2020;-;CCGT;ACT_EFF;-;-;efficiency;6;0,58;10.34482759;-;2015
ETSTP_CCGT_GAS_N;ELC-NewTechs;2020;-;CCGT;ACT_EFF;-;-;efficiency;6;0,58;10.34482759;-;2015
ETSTP_CCGT_GAS_N;ELC-NewTechs;2030;-;CCGT;ACT_EFF;-;-;efficiency;62;0,58;106.8965517;-;2015
ETSTP_CCGT_GAS_N;ELC-NewTechs;2030;-;CCGT;ACT_EFF;-;-;efficiency;62;0,58;106.8965517;-;2015
ETSTP_CCGT_GAS_N;ELC-NewTechs;2050;-;CCGT;ACT_EFF;-;-;efficiency;63;0,58;108.6206897;-;2015
ETSTP_CCGT_GAS_N;ELC-NewTechs;2050;-;CCGT;ACT_EFF;-;-;efficiency;63;0,58;108.6206897;-;2015
ETSTP_TVC_WST_E11;BASE;2021;-;CCGT;ACT_EFF;-;-;efficiency;199748519;0,58;344393998.3;-;2015
ETSTP_TGV_GAS_E01;BASE;2021;-;CCGT;ACT_EFF;-;-;efficiency;494287673;0,58;852220125.9;-;2015
ETSTP_TGV_GAS_E01;BASE;2021;-;CCGT;ACT_EFF;-;-;efficiency;494287673;0,58;852220125.9;-;2015
ETSTP_TGV_GAS_E02;BASE;2021;-;CCGT;ACT_EFF;-;-;efficiency;50902237;0,58;87762477.59;-;2015
ETSTP_TGV_GAS_E03;BASE;2021;-;CCGT;ACT_EFF;-;-;efficiency;547252712;0,58;943539158.6;-;2015
ETSTP_TGV_GAS_E04;BASE;2021;-;CCGT;ACT_EFF;-;-;efficiency;543300858;0,58;936725617.2;-;2015
ETSTP_TGV_GAS_E04;BASE;2021;-;CCGT;ACT_EFF;-;-;efficiency;543300858;0,58;936725617.2;-;2015
ETSTP_CCGT_GAS_N;ELC-NewTechs;2015;-;CCGT;NCAP_COST;-;-;investment;850;878,324;0.967752219;MEUR13;2015
ETSTP_CCGT_GAS_N;ELC-NewTechs;2015;-;CCGT;NCAP_COST;-;-;investment;850;878,324;0.967752219;MEUR13;2015
ETSTP_CCGT_GAS_N;ELC-NewTechs;2015;-;CCGT;NCAP_TLIFE;-;-;lifetime;30;25;1.2;-;2015
ETSTP_CCGT_GAS_N;ELC-NewTechs;2015;-;CCGT;NCAP_TLIFE;-;-;lifetime;30;25;1.2;-;2015
ETSTP_TGV_GAS_E01;BASE;2021;-;CCGT;NCAP_TLIFE;-;-;lifetime;40;25;1.6;-;2015
ETSTP_TGV_GAS_E01;BASE;2021;-;CCGT;NCAP_TLIFE;-;-;lifetime;40;25;1.6;-;2015
ETSTP_TGV_GAS_E02;BASE;2021;-;CCGT;NCAP_TLIFE;-;-;lifetime;40;25;1.6;-;2015
ETSTP_TGV_GAS_E03;BASE;2021;-;CCGT;NCAP_TLIFE;-;-;lifetime;40;25;1.6;-;2015
ETSTP_TGV_GAS_E04;BASE;2021;-;CCGT;NCAP_TLIFE;-;-;lifetime;40;25;1.6;-;2015
ETSTP_TGV_GAS_E04;BASE;2021;-;CCGT;NCAP_TLIFE;-;-;lifetime;40;25;1.6;-;2015
ETSTP_TVC_WST_E11;BASE;2021;-;CCGT;NCAP_TLIFE;-;-;lifetime;50;25;2;-;2015
ETSTP_PSC_COL_N;ELC-NewTechs;2019;-;coal;NCAP_TLIFE;-;-;lifetime;40;40;1;-;2023
ETSTP_PSC_COH_N;ELC-NewTechs;2019;-;coal;NCAP_TLIFE;-;-;lifetime;40;40;1;-;2023
ETSTP_OCGT-C_GAS_N;ELC-NewTechs;2015;-;OCGT;NCAP_TLIFE;-;-;lifetime;30;25;1.2;-;2015
ETSTP_OCGT-A_GAS_N;ELC-NewTechs;2015;-;OCGT;NCAP_TLIFE;-;-;lifetime;30;25;1.2;-;2015
ETSTP_TBJ_KER_E05;BASE;2021;-;OCGT;NCAP_TLIFE;-;-;lifetime;40;25;1.6;-;2015
ETSTP_TAG_GAS_E06;BASE;2021;-;OCGT;NCAP_TLIFE;-;-;lifetime;40;25;1.6;-;2015
ECHPP_CCGT-CHP_GAS_N;ELC-NewTechs;2015;-;central gas CHP;NCAP_TLIFE;-;-;lifetime;30;25;1.2;-;2015
ECHPP_CHP_WOO_N;ELC-NewTechs;2015;-;central solid biomass CHP;NCAP_TLIFE;-;-;lifetime;25;25;1;-;2015
ETSTP_PSC_COH_N;ELC-NewTechs;2020;-;coal;ACT_COST;-;-;VOM;1;3,2612;0.306635594;MEUR13;2023
ETSTP_PSC_COH_N;ELC-NewTechs;2030;-;coal;ACT_COST;-;-;VOM;1;3,2612;0.306635594;MEUR13;2023
ETSTP_PSC_COH_N;ELC-NewTechs;2040;-;coal;ACT_COST;-;-;VOM;1;3,2612;0.306635594;MEUR13;2023
ETSTP_PSC_COL_N;ELC-NewTechs;2019;-;coal;ACT_COST;-;-;VOM;125;3,2612;38.32944928;MEUR13;2023
ETSTP_PSC_COH_N;ELC-NewTechs;2019;-;coal;ACT_COST;-;-;VOM;1;3,2612;0.306635594;MEUR13;2023
ETSTP_OCGT-C_GAS_N;ELC-NewTechs;2015;-;OCGT;ACT_COST;-;-;VOM;3611111111;4,762;758318166.9;MEUR13;2015
ETSTP_OCGT-A_GAS_N;ELC-NewTechs;2015;-;OCGT;ACT_COST;-;-;VOM;3055555556;4,762;641653833.7;MEUR13;2015
ECHPP_CHP_WOO_N;ELC-NewTechs;2015;-;central solid biomass CHP;ACT_COST;-;-;VOM;916666667;4,8512;188956684.3;MEUR13;2015
ECHPP_CCGT-CHP_GAS_N;ELC-NewTechs;2015;-;central gas CHP;ACT_COST;-;-;VOM;1111111111;4,4445;249996875;MEUR13;2015
ETSTP_PSC_COH_N;ELC-NewTechs;2020;-;coal;NCAP_FOM;-;-;FOM;40;1,31;30.53435115;MEUR13;2023
ETSTP_PSC_COH_N;ELC-NewTechs;2030;-;coal;NCAP_FOM;-;-;FOM;40;1,31;30.53435115;MEUR13;2023
ETSTP_PSC_COH_N;ELC-NewTechs;2040;-;coal;NCAP_FOM;-;-;FOM;40;1,31;30.53435115;MEUR13;2023
ETSTP_PSC_COH_N;ELC-NewTechs;2019;-;coal;NCAP_FOM;-;-;FOM;40;1,31;30.53435115;MEUR13;2023
ETSTP_PSC_COL_N;ELC-NewTechs;2019;-;coal;NCAP_FOM;-;-;FOM;50;1,31;38.16793893;MEUR13;2023
ECHPP_CCGT-CHP_GAS_N;ELC-NewTechs;2030;-;central gas CHP;NCAP_FOM;-;-;FOM;3861;3,3214;1162.461613;MEUR13;2015
ECHPP_CCGT-CHP_GAS_N;ELC-NewTechs;2040;-;central gas CHP;NCAP_FOM;-;-;FOM;3822;3,3214;1150.719576;MEUR13;2015
ECHPP_CCGT-CHP_GAS_N;ELC-NewTechs;2020;-;central gas CHP;NCAP_FOM;-;-;FOM;39;3,3214;11.74203649;MEUR13;2015
ECHPP_CCGT-CHP_GAS_N;ELC-NewTechs;2015;-;central gas CHP;NCAP_FOM;-;-;FOM;3939;3,3214;1185.945686;MEUR13;2015
ECHPP_CCGT-CHP_GAS_N;ELC-NewTechs;2050;-;central gas CHP;NCAP_FOM;-;-;FOM;3783;3,3214;1138.97754;MEUR13;2015
ETSTP_OCGT-C_GAS_N;ELC-NewTechs;2015;-;OCGT;NCAP_FOM;-;-;FOM;77;1,7795;43.27058162;MEUR13;2015
ETSTP_OCGT-A_GAS_N;ELC-NewTechs;2015;-;OCGT;NCAP_FOM;-;-;FOM;165;1,7795;92.72267491;MEUR13;2015
ECHPP_CHP_WOO_N;ELC-NewTechs;2015;-;central solid biomass CHP;NCAP_FOM;-;-;FOM;8441;2,8661;2945.117058;MEUR13;2015
ECHPP_CHP_WOO_N;ELC-NewTechs;2020;-;central solid biomass CHP;NCAP_FOM;-;-;FOM;759;2,8661;264.81979;MEUR13;2015
ECHPP_CHP_WOO_N;ELC-NewTechs;2030;-;central solid biomass CHP;NCAP_FOM;-;-;FOM;6877;2,8661;2399.427794;MEUR13;2015
ECHPP_CHP_WOO_N;ELC-NewTechs;2040;-;central solid biomass CHP;NCAP_FOM;-;-;FOM;6325;2,8661;2206.831583;MEUR13;2015
ECHPP_CHP_WOO_N;ELC-NewTechs;2050;-;central solid biomass CHP;NCAP_FOM;-;-;FOM;5842;2,8661;2038.309898;MEUR13;2015
ETSTP_PSC_COH_N;ELC-NewTechs;2020;-;coal;NCAP_COST;-;-;investment;1600;3827,1629;0.418064253;MEUR13;2023
ETSTP_PSC_COH_N;ELC-NewTechs;2040;-;coal;NCAP_COST;-;-;investment;1600;3827,1629;0.418064253;MEUR13;2023
ETSTP_PSC_COH_N;ELC-NewTechs;2030;-;coal;NCAP_COST;-;-;investment;1600;3827,1629;0.418064253;MEUR13;2023
ETSTP_PSC_COH_N;ELC-NewTechs;2019;-;coal;NCAP_COST;-;-;investment;1600;3827,1629;0.418064253;MEUR13;2023
ETSTP_PSC_COL_N;ELC-NewTechs;2019;-;coal;NCAP_COST;-;-;investment;2000;3827,1629;0.522580317;MEUR13;2023
ECHPP_CCGT-CHP_GAS_N;ELC-NewTechs;2030;-;central gas CHP;NCAP_COST;-;-;investment;990;592,6041;1.670592559;MEUR13;2015
ECHPP_CCGT-CHP_GAS_N;ELC-NewTechs;2040;-;central gas CHP;NCAP_COST;-;-;investment;980;592,6041;1.653717887;MEUR13;2015
ECHPP_CCGT-CHP_GAS_N;ELC-NewTechs;2050;-;central gas CHP;NCAP_COST;-;-;investment;970;592,6041;1.636843215;MEUR13;2015
ECHPP_CCGT-CHP_GAS_N;ELC-NewTechs;2020;-;central gas CHP;NCAP_COST;-;-;investment;1000;592,6041;1.687467231;MEUR13;2015
ECHPP_CCGT-CHP_GAS_N;ELC-NewTechs;2015;-;central gas CHP;NCAP_COST;-;-;investment;1010;592,6041;1.704341904;MEUR13;2015
ETSTP_OCGT-A_GAS_N;ELC-NewTechs;2015;-;OCGT;ACT_EFF;-;-;efficiency;4;0,41;9.75609756;-;2015
ETSTP_OCGT-A_GAS_N;ELC-NewTechs;2030;-;OCGT;ACT_EFF;-;-;efficiency;43;0,41;104.8780488;-;2015
ETSTP_OCGT-A_GAS_N;ELC-NewTechs;2040;-;OCGT;ACT_EFF;-;-;efficiency;44;0,41;107.3170732;-;2015
ETSTP_OCGT-A_GAS_N;ELC-NewTechs;2050;-;OCGT;ACT_EFF;-;-;efficiency;45;0,41;109.7560976;-;2015
ETSTP_OCGT-C_GAS_N;ELC-NewTechs;2015;-;OCGT;ACT_EFF;-;-;efficiency;38;0,41;92.68292683;-;2015
ETSTP_TBJ_KER_E05;BASE;2021;-;OCGT;ACT_EFF;-;-;efficiency;244420735;0,41;596148134.1;-;2015
ETSTP_TAG_GAS_E06;BASE;2021;-;OCGT;ACT_EFF;-;-;efficiency;366205138;0,41;893183263.4;-;2015
ETSTP_OCGT-C_GAS_N;ELC-NewTechs;2015;-;OCGT;NCAP_COST;-;-;investment;770;460,5804;1.671803663;MEUR13;2015
ETSTP_OCGT-A_GAS_N;ELC-NewTechs;2015;-;OCGT;NCAP_COST;-;-;investment;550;460,5804;1.194145474;MEUR13;2015
ERNW_Hydro_Pompage_E8;BASE;2021;-;Pumped-Storage-Hydro-bicharger;NCAP_TLIFE;-;-;lifetime;80;60;1.333333333;-;2020
ERNW_Hydro_Pompage_E8;BASE;2021;-;Pumped-Storage-Hydro-store;NCAP_TLIFE;-;-;lifetime;80;60;1.333333333;-;2020
ECHPP_CHP_WOO_N;ELC-NewTechs;2015;-;central solid biomass CHP;NCAP_COST;-;-;investment;3800;3544,5017;1.072082995;MEUR13;2015
ECHPP_CHP_WOO_N;ELC-NewTechs;2020;-;central solid biomass CHP;NCAP_COST;-;-;investment;2700;3544,5017;0.761743181;MEUR13;2015
ECHPP_CHP_WOO_N;ELC-NewTechs;2030;-;central solid biomass CHP;NCAP_COST;-;-;investment;2372204473;3544,5017;669263.1782;MEUR13;2015
ECHPP_CHP_WOO_N;ELC-NewTechs;2040;-;central solid biomass CHP;NCAP_COST;-;-;investment;211341853;3544,5017;59625.26496;MEUR13;2015
ECHPP_CHP_WOO_N;ELC-NewTechs;2050;-;central solid biomass CHP;NCAP_COST;-;-;investment;1880511182;3544,5017;530543.174;MEUR13;2015
ECHPP_COM_CPS_E01;BASE;2021;-;biomass CHP;ACT_EFF;-;-;efficiency;197946016;0,3003;659160892.4;-;2015
ECHPP_COM_CPS_E01;BASE;2021;-;biomass CHP;NCAP_TLIFE;-;-;lifetime;20;25;0.8;-;2015
ECHPP_CCGT-CHP_GAS_N;ELC-NewTechs;2020;-;central gas CHP;ACT_EFF;-;-;efficiency;59;0,41;143.902439;-;2015
ECHPP_CCGT-CHP_GAS_N;ELC-NewTechs;2030;-;central gas CHP;ACT_EFF;-;-;efficiency;61;0,41;148.7804878;-;2015
ECHPP_CCGT-CHP_GAS_N;ELC-NewTechs;2040;-;central gas CHP;ACT_EFF;-;-;efficiency;62;0,41;151.2195122;-;2015
ECHPP_CCGT-CHP_GAS_N;ELC-NewTechs;2050;-;central gas CHP;ACT_EFF;-;-;efficiency;63;0,41;153.6585366;-;2015
ECHPP_CCGT-CHP_GAS_N;ELC-NewTechs;2015;-;central gas CHP;ACT_EFF;-;-;efficiency;57;0,41;139.0243902;-;2015
ETSTP_PSC_COH_N;ELC-NewTechs;2020;-;coal;ACT_EFF;-;-;efficiency;46;0,33;139.3939394;-;2023
ETSTP_PSC_COH_N;ELC-NewTechs;2030;-;coal;ACT_EFF;-;-;efficiency;48;0,33;145.4545455;-;2023
ETSTP_PSC_COH_N;ELC-NewTechs;2019;-;coal;ACT_EFF;-;-;efficiency;45;0,33;136.3636364;-;2023
ETSTP_PSC_COL_N;ELC-NewTechs;2019;-;coal;ACT_EFF;-;-;efficiency;42;0,33;127.2727273;-;2023
ETSTP_PSC_COH_N;ELC-NewTechs;2040;-;coal;ACT_EFF;-;-;efficiency;48;0,33;145.4545455;-;2023
ETSTP_PSC_COL_N;ELC-NewTechs;2020;-;coal;ACT_EFF;-;-;efficiency;45;0,33;136.3636364;-;2023
ETSTP_PSC_COL_N;ELC-NewTechs;2030;-;coal;ACT_EFF;-;-;efficiency;47;0,33;142.4242424;-;2023
ECHPP_CHP_WOO_N;ELC-NewTechs;2015;-;central solid biomass CHP;ACT_EFF;-;-;efficiency;3;0,2699;11.11522786;-;2015
ERNW_HYD_HYD_N;ELC-NewTechs;2015;-;hydro;NCAP_FOM;-;-;FOM;152;1;152;MEUR13;2015
ERNW_HYD_HYD_N;ELC-NewTechs;2015;-;hydro;ACT_EFF;-;-;efficiency;1;0,9;1.111111111;-;2015
ERNW_Hydro_Big_E5;BASE;2021;-;hydro;ACT_EFF;-;-;efficiency;1;0,9;1.111111111;-;2015
ERNW_Hydro_Medium_E6;BASE;2021;-;hydro;ACT_EFF;-;-;efficiency;1;0,9;1.111111111;-;2015
ERNW_Hydro_Small_E7;BASE;2021;-;hydro;ACT_EFF;-;-;efficiency;1;0,9;1.111111111;-;2015
ERNW_HYD_HYD_N;ELC-NewTechs;2015;-;hydro;NCAP_COST;-;-;investment;4000;2274,8177;1.758382661;MEUR13;2010
ERNW_HYD_HYD_N;ELC-NewTechs;2015;-;hydro;NCAP_TLIFE;-;-;lifetime;35;80;0.4375;-;2015
ERNW_Hydro_Big_E5;BASE;2021;-;hydro;NCAP_TLIFE;-;-;lifetime;50;80;0.625;-;2015
ERNW_Hydro_Medium_E6;BASE;2021;-;hydro;NCAP_TLIFE;-;-;lifetime;50;80;0.625;-;2015
ERNW_Hydro_Small_E7;BASE;2021;-;hydro;NCAP_TLIFE;-;-;lifetime;50;80;0.625;-;2015
ECHPP_MOT_GAS_E04;BASE;2021;-;micro CHP;ACT_EFF;-;-;efficiency;437129901;0,351;1245384333;-;2015
ECHPP_COM_GAS_E04;BASE;2021;-;micro CHP;ACT_EFF;-;-;efficiency;368013689;0,351;1048472048;-;2015
ECHPP_MOT_GAS_E04;BASE;2021;-;micro CHP;NCAP_TLIFE;-;-;lifetime;20;20;1;-;2015
ECHPP_COM_GAS_E04;BASE;2021;-;micro CHP;NCAP_TLIFE;-;-;lifetime;20;20;1;-;2015
ETSTP_NUC-LWR-GEN3_NUC_N;ELC-NewTechs;2015;-;nuclear;NCAP_FOM;-;-;FOM;945;1,27;744.0944882;MEUR13;2023
ETSTP_NUC-LWR-GEN3_NUC_N;ELC-NewTechs;2020;-;nuclear;NCAP_FOM;-;-;FOM;9135;1,27;7192.913386;MEUR13;2023
ETSTP_NUC-LWR-GEN3_NUC_N;ELC-NewTechs;2030;-;nuclear;NCAP_FOM;-;-;FOM;779;1,27;613.3858268;MEUR13;2023
ETSTP_NUC-LCFR_NUC_N;ELC-NewTechs;2040;-;nuclear;NCAP_FOM;-;-;FOM;1029;1,27;810.2362205;MEUR13;2023
ETSTP_NUC-LWR-SM_NUC_N;ELC-NewTechs;2020;-;nuclear;NCAP_FOM;-;-;FOM;1575;1,27;1240.15748;MEUR13;2023
ETSTP_NUC-LWR-SM_NUC_N;ELC-NewTechs;2030;-;nuclear;NCAP_FOM;-;-;FOM;14375;1,27;11318.89764;MEUR13;2023
ETSTP_NUC-LWR-SM_NUC_N;ELC-NewTechs;2040;-;nuclear;NCAP_FOM;-;-;FOM;13375;1,27;10531.49606;MEUR13;2023
ETSTP_NUC-LWR-SM_NUC_N;ELC-NewTechs;2050;-;nuclear;NCAP_FOM;-;-;FOM;1325;1,27;1043.307087;MEUR13;2023
ETSTP_NUC-LCFR_NUC_N;ELC-NewTechs;2050;-;nuclear;NCAP_FOM;-;-;FOM;945;1,27;744.0944882;MEUR13;2023
ETSTP_NUC-LWR-GEN3_NUC_N;ELC-NewTechs;2040;-;nuclear;NCAP_FOM;-;-;FOM;646;1,27;508.6614173;MEUR13;2023
ETSTP_NUC-LWR-GEN3_NUC_N;ELC-NewTechs;2050;-;nuclear;NCAP_FOM;-;-;FOM;60;1,27;47.24409449;MEUR13;2023
ETSTP_NUC-SCFR-GEN4_NUC_N;ELC-NewTechs;2040;-;nuclear;NCAP_FOM;-;-;FOM;1029;1,27;810.2362205;MEUR13;2023
ETSTP_NUC-SCFR-GEN4_NUC_N;ELC-NewTechs;2040;-;nuclear;NCAP_FOM;-;-;FOM;1029;1,27;810.2362205;MEUR13;2023
ETSTP_NUC-SCFR-GEN4_NUC_N;ELC-NewTechs;2050;-;nuclear;NCAP_FOM;-;-;FOM;945;1,27;744.0944882;MEUR13;2023
ETSTP_NUC-SCFR-GEN4_NUC_N;ELC-NewTechs;2050;-;nuclear;NCAP_FOM;-;-;FOM;945;1,27;744.0944882;MEUR13;2023
ETSTP_NUC-LWR-GEN3_NUC_N;ELC-NewTechs;2015;-;nuclear;ACT_COST;-;-;VOM;694444444;3,5464;195816727.9;MEUR13;2023
ETSTP_NUC-LWR-SM_NUC_N;ELC-NewTechs;2020;-;nuclear;ACT_COST;-;-;VOM;694444444;3,5464;195816727.9;MEUR13;2023
ETSTP_NUC-LCFR_NUC_N;ELC-NewTechs;2040;-;nuclear;ACT_COST;-;-;VOM;694444444;3,5464;195816727.9;MEUR13;2023
ETSTP_NUC-SCFR-GEN4_NUC_N;ELC-NewTechs;2040;-;nuclear;ACT_COST;-;-;VOM;694444444;3,5464;195816727.9;MEUR13;2023
ETSTP_NUC-SCFR-GEN4_NUC_N;ELC-NewTechs;2040;-;nuclear;ACT_COST;-;-;VOM;694444444;3,5464;195816727.9;MEUR13;2023
ETSTP_NUC-LWR-GEN3_NUC_N;ELC-NewTechs;2030;-;nuclear;ACT_EFF;-;-;efficiency;38;0,326;116.5644172;-;2023
ETSTP_NUC-LCFR_NUC_N;ELC-NewTechs;2040;-;nuclear;ACT_EFF;-;-;efficiency;42;0,326;128.8343558;-;2023
ETSTP_NUC-SCFR-GEN4_NUC_N;ELC-NewTechs;2040;-;nuclear;ACT_EFF;-;-;efficiency;42;0,326;128.8343558;-;2023
ETSTP_NUC-SCFR-GEN4_NUC_N;ELC-NewTechs;2040;-;nuclear;ACT_EFF;-;-;efficiency;42;0,326;128.8343558;-;2023
ETSTP_NUC-LWR-GEN3_NUC_N;ELC-NewTechs;2015;-;nuclear;ACT_EFF;-;-;efficiency;37;0,326;113.4969325;-;2023
ETSTP_NUC-LWR-SM_NUC_N;ELC-NewTechs;2020;-;nuclear;ACT_EFF;-;-;efficiency;28;0,326;85.88957055;-;2023
ENUC_Thiange;BASE;2021;-;nuclear;ACT_EFF;-;-;efficiency;336157696;0,326;1031158577;-;2023
ETSTP_NUC-LWR-GEN3_NUC_N;ELC-NewTechs;2015;-;nuclear;NCAP_COST;-;-;investment;4500;8594,1354;0.523612881;MEUR13;2023
ETSTP_NUC-LWR-GEN3_NUC_N;ELC-NewTechs;2020;-;nuclear;NCAP_COST;-;-;investment;4350;8594,1354;0.506159119;MEUR13;2023
ETSTP_NUC-LWR-GEN3_NUC_N;ELC-NewTechs;2030;-;nuclear;NCAP_COST;-;-;investment;4100;8594,1354;0.477069514;MEUR13;2023
ETSTP_NUC-LWR-GEN3_NUC_N;ELC-NewTechs;2040;-;nuclear;NCAP_COST;-;-;investment;3800;8594,1354;0.442161989;MEUR13;2023
ETSTP_NUC-LCFR_NUC_N;ELC-NewTechs;2040;-;nuclear;NCAP_COST;-;-;investment;4900;8594,1354;0.570156249;MEUR13;2023
ETSTP_NUC-LWR-SM_NUC_N;ELC-NewTechs;2020;-;nuclear;NCAP_COST;-;-;investment;6300;8594,1354;0.733058034;MEUR13;2023
ETSTP_NUC-LWR-SM_NUC_N;ELC-NewTechs;2030;-;nuclear;NCAP_COST;-;-;investment;5750;8594,1354;0.669060904;MEUR13;2023
ETSTP_NUC-LWR-SM_NUC_N;ELC-NewTechs;2040;-;nuclear;NCAP_COST;-;-;investment;5350;8594,1354;0.622517537;MEUR13;2023
ETSTP_NUC-LWR-SM_NUC_N;ELC-NewTechs;2050;-;nuclear;NCAP_COST;-;-;investment;5300;8594,1354;0.616699616;MEUR13;2023
ETSTP_NUC-LCFR_NUC_N;ELC-NewTechs;2050;-;nuclear;NCAP_COST;-;-;investment;4500;8594,1354;0.523612881;MEUR13;2023
ETSTP_NUC-LWR-GEN3_NUC_N;ELC-NewTechs;2050;-;nuclear;NCAP_COST;-;-;investment;3750;8594,1354;0.436344068;MEUR13;2023
ETSTP_NUC-SCFR-GEN4_NUC_N;ELC-NewTechs;2040;-;nuclear;NCAP_COST;-;-;investment;4900;8594,1354;0.570156249;MEUR13;2023
ETSTP_NUC-SCFR-GEN4_NUC_N;ELC-NewTechs;2040;-;nuclear;NCAP_COST;-;-;investment;4900;8594,1354;0.570156249;MEUR13;2023
ETSTP_NUC-SCFR-GEN4_NUC_N;ELC-NewTechs;2050;-;nuclear;NCAP_COST;-;-;investment;4500;8594,1354;0.523612881;MEUR13;2023
ETSTP_NUC-SCFR-GEN4_NUC_N;ELC-NewTechs;2050;-;nuclear;NCAP_COST;-;-;investment;4500;8594,1354;0.523612881;MEUR13;2023
ETSTP_NUC-LWR-GEN3_NUC_N;ELC-NewTechs;2015;-;nuclear;NCAP_TLIFE;-;-;lifetime;60;40;1.5;-;2023
ETSTP_NUC-LWR-SM_NUC_N;ELC-NewTechs;2020;-;nuclear;NCAP_TLIFE;-;-;lifetime;60;40;1.5;-;2023
ETSTP_NUC-LCFR_NUC_N;ELC-NewTechs;2040;-;nuclear;NCAP_TLIFE;-;-;lifetime;60;40;1.5;-;2023
ETSTP_NUC-SCFR-GEN4_NUC_N;ELC-NewTechs;2040;-;nuclear;NCAP_TLIFE;-;-;lifetime;60;40;1.5;-;2023
ETSTP_NUC-SCFR-GEN4_NUC_N;ELC-NewTechs;2040;-;nuclear;NCAP_TLIFE;-;-;lifetime;60;40;1.5;-;2023
ERNW_WINON_WIN_N;ELC-NewTechs;2020;-;onwind;NCAP_FOM;-;-;FOM;37488;1,2167;30811.21065;MEUR13;2015
ERNW_WINON_WIN_N;ELC-NewTechs;2020;-;onwind;NCAP_FOM;-;-;FOM;37488;1,2167;30811.21065;MEUR13;2015
ERNW_WINON_WIN_N;ELC-NewTechs;2030;-;onwind;NCAP_FOM;-;-;FOM;3173632;1,2167;2608393.195;MEUR13;2015
ERNW_WINON_WIN_N;ELC-NewTechs;2030;-;onwind;NCAP_FOM;-;-;FOM;3173632;1,2167;2608393.195;MEUR13;2015
ERNW_WINON_WIN_N;ELC-NewTechs;2040;-;onwind;NCAP_FOM;-;-;FOM;2530028308;1,2167;2079418351;MEUR13;2015
ERNW_WINON_WIN_N;ELC-NewTechs;2040;-;onwind;NCAP_FOM;-;-;FOM;2530028308;1,2167;2079418351;MEUR13;2015
ERNW_WINON_WIN_N;ELC-NewTechs;2050;-;onwind;NCAP_FOM;-;-;FOM;2075067077;1,2167;1705487858;MEUR13;2015
ERNW_WINON_WIN_N;ELC-NewTechs;2050;-;onwind;NCAP_FOM;-;-;FOM;2075067077;1,2167;1705487858;MEUR13;2015
ERNW_WINON-Small_WIN_N;ELC-NewTechs;2015;-;onwind;NCAP_FOM;-;-;FOM;55;1,2167;45.20424098;MEUR13;2015
ERNW_WINON_WIN_N;ELC-NewTechs;2015;-;onwind;NCAP_FOM;-;-;FOM;4347;1,2167;3572.778828;MEUR13;2015
ERNW_WINON_WIN_N;ELC-NewTechs;2015;-;onwind;NCAP_FOM;-;-;FOM;4347;1,2167;3572.778828;MEUR13;2015
ERNW_WINON_WIN_N;ELC-NewTechs;2030;-;onwind;NCAP_COST;-;-;investment;144256;1095,8533;131.6380578;MEUR13;2015
ERNW_WINON_WIN_N;ELC-NewTechs;2030;-;onwind;NCAP_COST;-;-;investment;144256;1095,8533;131.6380578;MEUR13;2015
ERNW_WINON_WIN_N;ELC-NewTechs;2040;-;onwind;NCAP_COST;-;-;investment;1331593846;1095,8533;1215120.533;MEUR13;2015
ERNW_WINON_WIN_N;ELC-NewTechs;2040;-;onwind;NCAP_COST;-;-;investment;1331593846;1095,8533;1215120.533;MEUR13;2015
ERNW_WINON_WIN_N;ELC-NewTechs;2050;-;onwind;NCAP_COST;-;-;investment;1220627692;1095,8533;1113860.488;MEUR13;2015
ERNW_WINON_WIN_N;ELC-NewTechs;2050;-;onwind;NCAP_COST;-;-;investment;1220627692;1095,8533;1113860.488;MEUR13;2015
ERNW_WINON-Small_WIN_N;ELC-NewTechs;2015;-;onwind;NCAP_COST;-;-;investment;3000;1095,8533;2.737592705;MEUR13;2015
ERNW_WINON-Small_WIN_N;ELC-NewTechs;2040;-;onwind;NCAP_COST;-;-;investment;2400369231;1095,8533;2190411.099;MEUR13;2015
ERNW_WINON-Small_WIN_N;ELC-NewTechs;2050;-;onwind;NCAP_COST;-;-;investment;2200338462;1095,8533;2007876.841;MEUR13;2015
ERNW_WINON-Small_WIN_N;ELC-NewTechs;2020;-;onwind;NCAP_COST;-;-;investment;2736;1095,8533;2.496684547;MEUR13;2015
ERNW_WINON-Small_WIN_N;ELC-NewTechs;2030;-;onwind;NCAP_COST;-;-;investment;26004;1095,8533;23.72945357;MEUR13;2015
ERNW_WINON_WIN_N;ELC-NewTechs;2015;-;onwind;NCAP_COST;-;-;investment;1610;1095,8533;1.469174752;MEUR13;2015
ERNW_WINON_WIN_N;ELC-NewTechs;2015;-;onwind;NCAP_COST;-;-;investment;1610;1095,8533;1.469174752;MEUR13;2015
ERNW_WINON_WIN_N;ELC-NewTechs;2020;-;onwind;NCAP_COST;-;-;investment;1562;1095,8533;1.425373268;MEUR13;2015
ERNW_WINON_WIN_N;ELC-NewTechs;2020;-;onwind;NCAP_COST;-;-;investment;1562;1095,8533;1.425373268;MEUR13;2015
ERNW_WINON-Small_WIN_N;ELC-NewTechs;2015;-;onwind;NCAP_TLIFE;-;-;lifetime;25;30;0.833333333;-;2015
ERNW_WINON_WIN_N;ELC-NewTechs;2015;-;onwind;NCAP_TLIFE;-;-;lifetime;25;30;0.833333333;-;2015
ERNW_WINON_WIN_N;ELC-NewTechs;2015;-;onwind;NCAP_TLIFE;-;-;lifetime;25;30;0.833333333;-;2015
ERNW_Eolien_Medium_E3;BASE;2021;-;onwind;NCAP_TLIFE;-;-;lifetime;25;30;0.833333333;-;2015
ERNW_Eolien_Big_E1;BASE;2021;-;onwind;NCAP_TLIFE;-;-;lifetime;25;30;0.833333333;-;2015
ERNW_Eolien_Small_E4;BASE;2021;-;onwind;NCAP_TLIFE;-;-;lifetime;25;30;0.833333333;-;2015
ERNW_PV-Buildings_SOL_N;ELC-NewTechs;2015;-;solar-rooftop;NCAP_FOM;-;-;FOM;17;1,4234;11.94323451;MEUR13;2020
ERNW_PV-Buildings_SOL_N;ELC-NewTechs;2040;-;solar-rooftop;NCAP_COST;-;-;investment;9224278977;702,9265;13122679.22;MEUR13;2020
ERNW_PV-Buildings_SOL_N;ELC-NewTechs;2050;-;solar-rooftop;NCAP_COST;-;-;investment;873879061;702,9265;1243201.19;MEUR13;2020
ERNW_PV-Buildings_SOL_N;ELC-NewTechs;2015;-;solar-rooftop;NCAP_COST;-;-;investment;1716;702,9265;2.441222518;MEUR13;2020
ERNW_PV-Buildings_SOL_N;ELC-NewTechs;2020;-;solar-rooftop;NCAP_COST;-;-;investment;1256;702,9265;1.786815549;MEUR13;2020
ERNW_PV-Buildings_SOL_N;ELC-NewTechs;2030;-;solar-rooftop;NCAP_COST;-;-;investment;9831139436;702,9265;13986013.38;MEUR13;2020
ERNW_PV-Buildings_SOL_N;ELC-NewTechs;2015;-;solar-rooftop;NCAP_TLIFE;-;-;lifetime;25;40;0.625;-;2020
ERNW_PV-Large_Roof_SOL_N;ELC-NewTechs;2015;-;solar-rooftop commercial;NCAP_FOM;-;-;FOM;17;1,573;10.80737444;MEUR13;2020
ERNW_PV-Buildings_SOL_N;ELC-NewTechs;2015;-;solar-rooftop commercial;NCAP_FOM;-;-;FOM;17;1,573;10.80737444;MEUR13;2020
ERNW_PV-Buildings_SOL_N;ELC-NewTechs;2040;-;solar-rooftop commercial;NCAP_COST;-;-;investment;9224278977;565,8069;16302874.67;MEUR13;2020
ERNW_PV-Buildings_SOL_N;ELC-NewTechs;2050;-;solar-rooftop commercial;NCAP_COST;-;-;investment;873879061;565,8069;1544482.863;MEUR13;2020
ERNW_PV-Large_Roof_SOL_N;ELC-NewTechs;2015;-;solar-rooftop commercial;NCAP_COST;-;-;investment;1510330209;565,8069;2669338.619;MEUR13;2020
ERNW_PV-Large_Roof_SOL_N;ELC-NewTechs;2020;-;solar-rooftop commercial;NCAP_COST;-;-;investment;1230;565,8069;2.173886533;MEUR13;2020
ERNW_PV-Large_Roof_SOL_N;ELC-NewTechs;2030;-;solar-rooftop commercial;NCAP_COST;-;-;investment;8518262377;565,8069;15055069.81;MEUR13;2020
ERNW_PV-Large_Roof_SOL_N;ELC-NewTechs;2040;-;solar-rooftop commercial;NCAP_COST;-;-;investment;771967528;565,8069;1364365.701;MEUR13;2020
ERNW_PV-Buildings_SOL_N;ELC-NewTechs;2015;-;solar-rooftop commercial;NCAP_COST;-;-;investment;1716;565,8069;3.032836821;MEUR13;2020
ERNW_PV-Buildings_SOL_N;ELC-NewTechs;2020;-;solar-rooftop commercial;NCAP_COST;-;-;investment;1256;565,8069;2.219838606;MEUR13;2020
ERNW_PV-Buildings_SOL_N;ELC-NewTechs;2030;-;solar-rooftop commercial;NCAP_COST;-;-;investment;9831139436;565,8069;17375432.21;MEUR13;2020
ERNW_PV-Large_Roof_SOL_N;ELC-NewTechs;2050;-;solar-rooftop commercial;NCAP_COST;-;-;investment;6921088182;565,8069;12232244.22;MEUR13;2020
ERNW_PV-Large_Roof_SOL_N;ELC-NewTechs;2015;-;solar-rooftop commercial;NCAP_TLIFE;-;-;lifetime;25;40;0.625;-;2020
ERNW_PV-Buildings_SOL_N;ELC-NewTechs;2015;-;solar-rooftop commercial;NCAP_TLIFE;-;-;lifetime;25;40;0.625;-;2020
ERNW_PV-RES_Homes_SOL_N;ELC-NewTechs;2015;-;solar-rooftop residential;NCAP_FOM;-;-;FOM;13;1,2737;10.20648504;MEUR13;2020
ERNW_PV-RES_Homes_SOL_N;ELC-NewTechs;2020;-;solar-rooftop residential;NCAP_COST;-;-;investment;1869;840,0461;2.224877897;MEUR13;2020
ERNW_PV-RES_Homes_SOL_N;ELC-NewTechs;2015;-;solar-rooftop residential;NCAP_COST;-;-;investment;2444;840,0461;2.909364141;MEUR13;2020
ERNW_PV-RES_Homes_SOL_N;ELC-NewTechs;2030;-;solar-rooftop residential;NCAP_COST;-;-;investment;1300952364;840,0461;1548667.822;MEUR13;2020
ERNW_PV-RES_Homes_SOL_N;ELC-NewTechs;2040;-;solar-rooftop residential;NCAP_COST;-;-;investment;1154777941;840,0461;1374660.201;MEUR13;2020
ERNW_PV-RES_Homes_SOL_N;ELC-NewTechs;2050;-;solar-rooftop residential;NCAP_COST;-;-;investment;1037838403;840,0461;1235454.105;MEUR13;2020
ERNW_PV-RES_Homes_SOL_N;ELC-NewTechs;2015;-;solar-rooftop residential;NCAP_TLIFE;-;-;lifetime;25;40;0.625;-;2020
