Energy Carrier - PYPSA,commodities TIMES ,uspstream_commodity,upstream_process,Sector (com_in),Comment
HV Electricity (AC / DC),ELCHIG,nan,nan,nan,Produced by the public power station or imports
HV Electricity (AC / DC),ELCHIGG,nan,nan,nan,High voltage electricity
HV Electricity (AC / DC),ELCMED,nan,nan,nan,Medium voltage electricity
LV Electricity,ELCLOW,nan,nan,nan,low voltage electricity
LV Electricity,RSDELC,ELCLOW,RSDELC00,RSD,nan
HV Electricity (AC / DC),INDELC,ELCHIGG,INDELC00,IND,nan
HV Electricity (AC / DC),INDELC,ELCMED,INDELC00,IND,nan
LV Electricity,INDELC,ELCLOW,INDELC00,IND,nan
HV Electricity (AC / DC),COMELC,ELCMED,COMELC00,COM,nan
LV Electricity,COMELC,ELCLOW,COMELC00,COM,nan
LV Electricity,TRAELC,ELCLOW,TRAELC00,TRA,nan
Uranium,ELCNUC,nan,nan,ELC,nan
Oil,RSDOIL,nan,nan,RSD,nan
Oil,INDLFO,nan,nan,IND,light fuel oil
Oil,INDHFO,nan,nan,IND,heavy fuel oil
Oil,AGROIL,nan,nan,AGR,nan
Oil,COMOIL,nan,nan,COM,nan
Oil,TRADST,OILDST,TRADST00,TRA,diesel
Biofuels,TRADST,TRABDL,TRADST00,TRA,nan
Oil,TRAGSL,OILGSL,TRAGSL00,TRA,gasoline
Biofuels,TRAGSL,BIOETH,TRAGSL00,TRA,nan
Oil,TRAKER,nan,nan,TRA,kerozene
Oil,RSDLPG,nan,nan,RSD,Propane butane
Oil,COMLPG,nan,nan,COM,Propane butane
Oil,TRALPG,nan,nan,TRA,Propane butane
Oil,INDLPG,nan,nan,IND,Propane butane
Naphtha,nan,nan,nan,nan,not use in Wallonia
Coal,INDCOA,nan,nan,IND,nan
Coal,RSDCOA,nan,nan,RSD,nan
Coal,COMCOA,nan,nan,COM,nan
Lignite,INDCOL,nan,nan,IND,nan
Lignite,ELCCOL,nan,nan,ELC,nan
Coal,INDCOK,nan,nan,IND,Coke  in cement and lime industry
Gas,ELCGAS,GASNAT,nan,ELC,nan
Gas,INDGAS,GASNAT,nan,IND,nan
Biogas,INDGMX,BIOGZH,SUPGMX00,IND,Injected biomethane (after upgrading/concentration) + imported biomethane
Gas,INDGMX,SUPGAS,SUPGMX00,IND,nan
Gas,INDGMX,MOLECH4,SUPGMX00,IND,e-methane
Biogas,RSDGMX,BIOGZH,SUPGMX00,RSD,Injected biomethane (after upgrading/concentration) + imported biomethane
Gas,RSDGMX,SUPGAS,SUPGMX00,RSD,nan
Gas,RSDGMX,MOLECH4,SUPGMX00,RSD,e-methane
Biogas,COMGMX,BIOGZH,SUPGMX00,COM,Injected biomethane (after upgrading/concentration) + imported biomethane
Gas,COMGMX,SUPGAS,SUPGMX00,COM,nan
Gas,COMGMX,MOLECH4,SUPGMX00,COM,e-methan
Biogas,TRAGMX,BIOGZH,SUPGMX00,TRA,Injected biomethane (after upgrading/concentration)
Gas,TRAGMX,SUPGAS,SUPGMX00,TRA,nan
Gas,TRAGMX,MOLECH4,SUPGMX00,TRA,e-methan
Biogas,AGRGMX,BIOGZH,SUPGMX00,AGR,Injected biomethane (after upgrading/concentration)
Gas,AGRGMX,SUPGAS,SUPGMX00,AGR,nan
Gas,AGRGMX,MOLECH4,SUPGMX00,AGR,e-methane
Solid biomass,ELCCPS,nan,nan,ELC,nan
Solid biomass,ELCPEL,nan,nan,ELC,nan
Solid biomass,INDCPS,nan,nan,IND,nan
Solid biomass,INDPEL,nan,nan,IND,nan
Solid biomass,RSDLOG,nan,nan,RSD,logs
Solid biomass,RSDPEL,nan,nan,RSD,nan
Solid biomass,INDBLQ,nan,nan,IND,black liquor (biomass)
Biogas,INDBGS,nan,nan,IND,nan
Biogas,COMBGS,nan,nan,COM,nan
Biogas,TRABGS,nan,nan,TRA,nan
Biogas,AGRBGS,nan,nan,AGR,nan
Biogas,ELCBGS,nan,nan,ELC,nan
Municipal waste (optional),INDWST,nan,nan,IND,Cement kilns and lime kilns are “major” consumers
Municipal waste (optional),ELCWST,nan,nan,ELC,incinerator
Central heat,INDHET,nan,nan,IND,District heating network with centralized CHP (ELCHET) and/or recovered excess heat from industry (INDHWT)
Central heat,RSDHET,nan,nan,RSD,District heating network with centralized CHP (ELCHET) and/or recovered excess heat from industry (INDHWT)
Central heat,COMHET,nan,nan,COM,District heating network with centralized CHP (ELCHET) and/or recovered excess heat from industry (INDHWT)
Decentral heat,nan,nan,nan,nan,???
Hydrogen,INDHH2,nan,nan,IND,Hydrogen (H₂) imported or produced locally (several possible technologies)
Hydrogen,TRAGH2,nan,nan,TRA,nan
Hydrogen,TRALH2,nan,nan,TRA,nan
Ammonia,nan,nan,nan,nan,Not yet included as an energy carrier (produced in the “IAM” sector)
Methanol,nan,nan,nan,nan,Not yet included as an energy carrier
CO2,RSDCO2N,nan,nan,RSD,*CO2N = CO₂ from combustion (Note: these are not CO₂-eq; CH₄ and N₂O emissions are accounted for separately and subsequently converted into GHG equivalents
CO2,COMCO2N,nan,nan,COM,*CO2N = CO₂ from combustion (Note: these are not CO₂-eq; CH₄ and N₂O emissions are accounted for separately and subsequently converted into GHG equivalents
CO2,ELCCO2N,nan,nan,ELC,*CO2N = CO₂ from combustion (Note: these are not CO₂-eq; CH₄ and N₂O emissions are accounted for separately and subsequently converted into GHG equivalents
CO2,ELCCO2c,nan,nan,ELC,CO2c = Captured CO₂ (can be sent for permanent storage – associated potential – or used in methanation for e-fuel production)
CO2,TRACO2N,nan,nan,TRA,*CO2N = CO₂ from combustion (Note: these are not CO₂-eq; CH₄ and N₂O emissions are accounted for separately and subsequently converted into GHG equivalents
CO2,INDCO2p,nan,nan,IND,CO2p  = co2 process
CO2,INDCO2c,nan,nan,IND,CO2c = Captured CO₂ (can be sent for permanent storage – associated potential – or used in methanation for e-fuel production)
CO2,INDCO2N,nan,nan,IND,*CO2N = CO₂ from combustion (Note: these are not CO₂-eq; CH₄ and N₂O emissions are accounted for separately and subsequently converted into GHG equivalents
CO2,SUPCO2N,nan,nan,SUP,*CO2N = CO₂ from combustion (Note: these are not CO₂-eq; CH₄ and N₂O emissions are accounted for separately and subsequently converted into GHG equivalents
CO2,TRACO2N,nan,nan,TRA,*CO2N = CO₂ from combustion (Note: these are not CO₂-eq; CH₄ and N₂O emissions are accounted for separately and subsequently converted into GHG equivalents
CO2,TRACO2N-I,nan,nan,TRA,Originating from international aviation
-,INDSLU,nan,nan,IND,Renewable waste used as fuel in cement kilns and lime production kilns
-,ELCSLU,nan,nan,ELC,Renewable waste incinerated
-,TRAETH,nan,nan,TRA,pure bioethanol
-,TRABDL,nan,nan,TRA,pure biodiesiel
Oil Products,OILKER,nan,nan,nan,auto-added
Biomass & Biofuels,BIORME,nan,nan,nan,auto-added
Biomass & Biofuels,BIOPEL,nan,nan,nan,auto-added
Heat/Steam,RW3F,nan,nan,nan,auto-added
Natural Gas,RSDGSL,nan,nan,nan,auto-added
Biomass & Biofuels,BIOCRP1,nan,nan,nan,auto-added
Renewables,RENHYD,nan,nan,nan,auto-added
Oil Products,BIORPOIL,nan,nan,nan,auto-added
Heat/Steam,RH4F,nan,nan,nan,auto-added
Biomass & Biofuels,BIODST,nan,nan,nan,auto-added
Biomass & Biofuels,BIORPS,nan,nan,nan,auto-added
LV Electricity,BATELCOUT,nan,nan,nan,auto-added
Renewables,ELCWIN,nan,nan,nan,auto-added
Renewables,ELCSOL,nan,nan,nan,auto-added
Heat/Steam,RWAP,nan,nan,nan,auto-added
Biomass & Biofuels,BIOSTIL,nan,nan,nan,auto-added
Natural Gas,COMGSL,nan,nan,nan,auto-added
Natural Gas,GASBFT,nan,nan,nan,auto-added
Natural Gas,OILGSL,nan,nan,nan,auto-added
Natural Gas,OILLPG,nan,nan,nan,auto-added
Heat/Steam,RW4F,nan,nan,nan,auto-added
Oil Products,COMBDL,nan,nan,nan,auto-added
Renewables,COMSOL,nan,nan,nan,auto-added
Biomass & Biofuels,BIOLOG,nan,nan,nan,auto-added
Hydrogen,SYNH2CU,nan,nan,nan,auto-added
Biomass & Biofuels,SUPELC,nan,nan,nan,auto-added
Renewables,RENWIN,nan,nan,nan,auto-added
Biomass & Biofuels,BIOEFF,nan,nan,nan,auto-added
Oil Products,AGRBDL,nan,nan,nan,auto-added
Renewables,RSDSOL,nan,nan,nan,auto-added
Hydrogen,RH2F,nan,nan,nan,auto-added
Coal,COACOK,nan,nan,nan,auto-added
Oil Products,OILDST,nan,nan,nan,auto-added
Natural Gas,BIOGAS,nan,nan,nan,auto-added
Heat/Steam,RHAP,nan,nan,nan,auto-added
Biomass & Biofuels,BIOBOU,nan,nan,nan,auto-added
Other,AGRELC,nan,nan,nan,auto-added
Coal,COALIG,nan,nan,nan,auto-added
Renewables,MPPNOH,nan,nan,nan,auto-added
Nuclear Fuel,NUCRSV,nan,nan,nan,auto-added
Biomass & Biofuels,COMPEL,nan,nan,nan,auto-added
Natural Gas,GASNAT,nan,nan,nan,auto-added
Oil Products,OILHFO,nan,nan,nan,auto-added
Electricity,ELCHET,nan,nan,nan,auto-added
Heat/Steam,AGRHET,nan,nan,nan,auto-added
Coal,COAHAR,nan,nan,nan,auto-added
LV Electricity,BATELCIN,nan,nan,nan,auto-added
Oil Products,OILOTH,nan,nan,nan,auto-added
Oil Products,BIOPLPOIL,nan,nan,nan,auto-added
Natural Gas,SUPGAS,nan,nan,nan,auto-added
Natural Gas,GASIIS,nan,nan,nan,auto-added
Heat/Steam,RH3F,nan,nan,nan,auto-added
Biomass & Biofuels,BIOETH,nan,nan,nan,auto-added
Hydrogen,SYNH2CT,nan,nan,nan,auto-added
Heat/Steam,RW2F,nan,nan,nan,auto-added
Oil Products,SUPDST,nan,nan,nan,auto-added
Heat/Steam,IOIPRC,nan,nan,nan,auto-added
Biomass & Biofuels,BIOCPS,nan,nan,nan,auto-added
Renewables,RENSOL,nan,nan,nan,auto-added
Biomass & Biofuels,MISPLT,nan,nan,nan,auto-added
Biomass & Biofuels,BIOCUL,nan,nan,nan,auto-added
Heat/Steam,SUPHET,nan,nan,nan,auto-added
Biomass & Biofuels,BIOGLY,nan,nan,nan,auto-added
Biomass & Biofuels,ELCBIO,nan,nan,nan,auto-added
Renewables,ELCHYD,nan,nan,nan,auto-added
Oil Products,ELCOIL,nan,nan,nan,auto-added
Hydrogen,SUPIMPH2,nan,nan,nan,auto-added
Natural Gas,SUPBGS,,,,auto-added
Heat/Steam,RHDJ4F_2021,,,,auto-added
Natural Gas,MISGBE,,,,auto-added
Heat/Steam,RHN4F,,,,auto-added
Heat/Steam,RWN3F,,,,auto-added
Heat/Steam,RHNAP,,,,auto-added
Heat/Steam,RHDJ2F_2021,,,,auto-added
Heat/Steam,RHN2F,,,,auto-added
Natural Gas,SUPGMX,,,,auto-added
Heat/Steam,RWNAP,,,,auto-added
Heat/Steam,RWN4F,,,,auto-added
Heat/Steam,RHDJ3F_2021,,,,auto-added
Natural Gas,MISGJU,,,,auto-added
Heat/Steam,RHN3F,,,,auto-added
Heat/Steam,RHDJAP_2021,,,,auto-added
Biomass & Biofuels,MBRWOO,,,,auto-added
Biomass & Biofuels,MBOWOO,,,,auto-added
Heat/Steam,RWN2F,,,,auto-added
