Technology (Process),PyPSA technology,Sector,Set,Description,Activity unit,Capacity unit,Type,Primary commodity group,Time slice level,Vintage
AGRAPP00,,AGR,.DMD.,Base year electrical appliances,PJ,PJA,DMD,AGRAP,ANNUAL,"0,00"
AGRBDL00,,AGR,.PRE.,Fuel Tech - Biodiesel (AGR),PJ,PJA,PRE,AGRBDL,ANNUAL,"0,00"
AGRBGS00,,AGR,.PRE.,Fuel Tech - Biogas(AGR),PJ,PJA,PRE,AGRBGS,ANNUAL,"0,00"
AGRCPS00,,AGR,.PRE.,Fuel - Tech - bois chips (AGR),PJ,PJA,PRE,AGRCPS,ANNUAL,"0,00"
AGRELC00,,AGR,.PRE.,Fuel Tech - Electricity (AGR),PJ,PJA,PRE,AGRELC,DAYNITE,"0,00"
AGRGMX00,,AGR,.PRE.,Fuel Tech - gas mix réseau,PJ,PJA,PRE,AGRGMX,ANNUAL,"0,00"
AGRHET00,,AGR,.PRE.,Fuel Tech - Low Temperature Heat (AGR),PJ,PJA,PRE,AGRHET,SEASON,"0,00"
AGRHH00,,AGR,.DMD.,Base year oil  boiler  small,PJ,PJA,DMD,AGRHH,ANNUAL,"0,00"
AGROFR00,,AGR,.DMD.,Base year offroad,PJ,PJA,DMD,AGROF,ANNUAL,"0,00"
AGROIL00,,AGR,.PRE.,Fuel Tech - Oil (AGR),PJ,PJA,PRE,AGROIL,ANNUAL,"0,00"
BBIORPS101,,SUP,.PRE.,Vegetable oil extraction,PJ,GW,PRE,BIORPOIL,ANNUAL,"0,00"
BBLQFTST110,,SUP,.PRE.,Gasification_ black liquor to FT-diesel,PJ,GW,PRE,BIODST,ANNUAL,"0,00"
BBLQH2G110,,SUP,.PRE.,Gasification_ black liquor to hydrogen,PJ,GW,PRE,SYNH2CT,DAYNITE,"1,00"
BCRPETH101,,SUP,.PRE.,Ethanol production from starch crops,PJ,GW,PRE,BIOETH,ANNUAL,"0,00"
BRPSME101,,SUP,.PRE.,Transesterification of vegetable oils,PJ,GW,PRE,BIORME,ANNUAL,"0,00"
BWBIOGAZ100,,SUP,.PRE.,Methanisation Biogas production,PJ,GW,PRE,BIOGAS,ANNUAL,"0,00"
CCBAELC100,,COM,.PRE.,Com.Space Cool.BA.ELC.00.Central.,PJ,GW,PRE,CCBA,ANNUAL,"0,00"
CCBAELC200,,COM,.PRE.,Com.Space Cool.BA.ELC.00.Windows.,PJ,GW,PRE,CCBA,ANNUAL,"0,00"
CCBAELC300,,COM,.PRE.,Com.Space Cool.BA.ELC.00.Fans.,PJ,GW,PRE,CCBA,ANNUAL,"0,00"
CCBPELC100,,COM,.PRE.,Com.Space Cool.BP.ELC.00.Central.,PJ,GW,PRE,CCBP,ANNUAL,"0,00"
CCBPELC200,,COM,.PRE.,Com.Space Cool.BP.ELC.00.Windows.,PJ,GW,PRE,CCBP,ANNUAL,"0,00"
CCBPELC300,,COM,.PRE.,Com.Space Cool.BP.ELC.00.Fans.,PJ,GW,PRE,CCBP,ANNUAL,"0,00"
CCBPELC301,,COM,.PRE.,Com Space Cool New - BP - ELC301,PJ,GW,PRE,CCBP,ANNUAL,"0,00"
CCCOELC100,,COM,.PRE.,Com.Space Cool.CO.ELC.00.Central.,PJ,GW,PRE,CCCO,ANNUAL,"0,00"
CCCOELC200,,COM,.PRE.,Com.Space Cool.CO.ELC.00.Windows.,PJ,GW,PRE,CCCO,ANNUAL,"0,00"
CCCOELC300,,COM,.PRE.,Com.Space Cool.CO.ELC.00.Fans.,PJ,GW,PRE,CCCO,ANNUAL,"0,00"
CCCOELC301,,COM,.PRE.,Com Space Cool New - CO - ELC301,PJ,GW,PRE,CCCO,ANNUAL,"0,00"
CCCSELC100,,COM,.PRE.,Com.Space Cool.CS.ELC.00.Central.,PJ,GW,PRE,CCCS,ANNUAL,"0,00"
CCCSELC200,,COM,.PRE.,Com.Space Cool.CS.ELC.00.Windows.,PJ,GW,PRE,CCCS,ANNUAL,"0,00"
CCCSELC300,,COM,.PRE.,Com.Space Cool.CS.ELC.00.Fans.,PJ,GW,PRE,CCCS,ANNUAL,"0,00"
CCCSELC301,,COM,.PRE.,Com Space Cool New - CS - ELC301,PJ,GW,PRE,CCCS,ANNUAL,"0,00"
CCCSGMXHP101,,COM,.PRE.,Com Space Cool New - CS - GMX101,PJ,GW,PRE,CCCS,ANNUAL,"0,00"
CCDATAELC301,,COM,.PRE.,Com Space Cool New - DATA - ELC301,PJ,GW,PRE,CCDATA,ANNUAL,"0,00"
CCDATELC100,,COM,.PRE.,Com.Space Cool.DATA.ELC.00.Central.,PJ,GW,PRE,CCDATA,ANNUAL,"0,00"
CCDATELC200,,COM,.PRE.,Com.Space Cool.DATA.ELC.00.Windows.,PJ,GW,PRE,CCDATA,ANNUAL,"0,00"
CCDATELC300,,COM,.PRE.,Com.Space Cool.DATA.ELC.00.Fans.,PJ,GW,PRE,CCDATA,ANNUAL,"0,00"
CCENELC100,,COM,.PRE.,Com.Space Cool.EN.ELC.00.Central.,PJ,GW,PRE,CCEN,ANNUAL,"0,00"
CCENELC200,,COM,.PRE.,Com.Space Cool.EN.ELC.00.Windows.,PJ,GW,PRE,CCEN,ANNUAL,"0,00"
CCENELC300,,COM,.PRE.,Com.Space Cool.EN.ELC.00.Fans.,PJ,GW,PRE,CCEN,ANNUAL,"0,00"
CCNBAELC301,,COM,.PRE.,Com Space Cool New - NBA - ELC301,PJ,GW,PRE,CCNBA,ANNUAL,"0,00"
CCNBPELC301,,COM,.PRE.,Com Space Cool New - NBP - ELC301,PJ,GW,PRE,CCNBP,ANNUAL,"0,00"
CCNCSELC301,,COM,.PRE.,Com Space Cool New - NCS - ELC301,PJ,GW,PRE,CCNCS,ANNUAL,"0,00"
CCNCSGMXHP101,,COM,.PRE.,Com Space Cool New - NCS - GMX101,PJ,GW,PRE,CCNCS,ANNUAL,"0,00"
CCNDATAELC301,,COM,.PRE.,Com Space Cool New - NDATA - ELC301,PJ,GW,PRE,CCNDATA,ANNUAL,"0,00"
CCNENELC301,,COM,.PRE.,Com Space Cool New - NEN - ELC301,PJ,GW,PRE,CCNEN,ANNUAL,
CCNSAELC301,,COM,.PRE.,Com Space Cool New - NSA - ELC301,PJ,GW,PRE,CCNSA,ANNUAL,
CCOKELC100,,COM,.DMD.,Com.Cooking.ELC.00.Stove.,PJ,PJA,DMD,CCOK,ANNUAL,"0,00"
CCOKGMX101,,COM,.DMD.,Com.Cooking.GMX.01.Stove.,PJ,PJA,DMD,CCOK,ANNUAL,"0,00"
CCOKLPG101,,COM,.DMD.,Com.Cooking.LPG.01.Stove.,PJ,PJA,DMD,CCOK,ANNUAL,"0,00"
CCSAELC100,,COM,.PRE.,Com.Space Cool.SA.ELC.00.Central.,PJ,GW,PRE,CCSA,ANNUAL,"0,00"
CCSAELC200,,COM,.PRE.,Com.Space Cool.SA.ELC.00.Windows.,PJ,GW,PRE,CCSA,ANNUAL,"0,00"
CCSAELC300,,COM,.PRE.,Com.Space Cool.SA.ELC.00.Fans.,PJ,GW,PRE,CCSA,ANNUAL,"0,00"
CCSAELC301,,COM,.PRE.,Com Space Cool New - SA - ELC301,PJ,GW,PRE,CCSA,ANNUAL,
CHBABGS100,,COM,.PRE.,Com.Space Heat.BA.BGS.00.Furnace.,PJ,GW,PRE,CHBA,ANNUAL,"0,00"
CHBACPS100,,COM,.PRE.,Com.Space Heat.BA.BIOCPS.00.Stove.,PJ,GW,PRE,CHBA,ANNUAL,"0,00"
CHBAELC100,,COM,.PRE.,Com.Space Heat.BA.ELC.00.Resistance.,PJ,GW,PRE,CHBA,ANNUAL,"0,00"
CHBAELC200,,COM,.PRE.,Com.Space Heat.BA.ELC.00.Heat Pump.,PJ,GW,PRE,CHBA,ANNUAL,"0,00"
CHBAELCHPR202,,COM,.PRE.,Com Space Heat New Heat Pump With Reno - CO - ELC202,PJ,GW,PRE,CHBAELCHPR202_NRGO,ANNUAL,"0,00"
CHBAGEO100,,COM,.PRE.,Com.Space Heat.BA.GEO.00.Furnace.,PJ,GW,PRE,CHBA,ANNUAL,"0,00"
CHBAGMX100,,COM,.PRE.,Com.Space Heat.BA.GAS.00.Furnace.,PJ,GW,PRE,CHBA,ANNUAL,"0,00"
CHBAGMX501,,COM,.PRE.,Com Space Heat New Boiler - CO - GMX501,PJ,GW,PRE,CHBAGMX501_NRGO,ANNUAL,"0,00"
CHBAHET100,,COM,.PRE.,Com.Space Heat.BA.LTH.00.Heat exchanger.,PJ,GW,PRE,CHBA,ANNUAL,"0,00"
CHBALPG100,,COM,.PRE.,Com.Space Heat.BA.LPG.00.Furnace.,PJ,GW,PRE,CHBA,ANNUAL,"0,00"
CHBALTH101,,COM,.PRE.,Com Space Heat New Heat Exchanger - BA - HET101,PJ,GW,PRE,CHBALTH101_NRGO,ANNUAL,"0,00"
CHBAOIL100,,COM,.PRE.,Com.Space Heat.BA.OIL.00.Furnace.,PJ,GW,PRE,CHBA,ANNUAL,"0,00"
CHBAPEL100,,COM,.PRE.,Com.Space Heat.BA.BIOPEL.00.Stove.,PJ,GW,PRE,CHBA,ANNUAL,"0,00"
CHBPBGS100,,COM,.PRE.,Com.Space Heat.BP.BGS.00.Furnace.,PJ,GW,PRE,CHBP,ANNUAL,"0,00"
CHBPCPS100,,COM,.PRE.,Com.Space Heat.BP.BIOCPS.00.Stove.,PJ,GW,PRE,CHBP,ANNUAL,"0,00"
CHBPELC100,,COM,.PRE.,Com.Space Heat.BP.ELC.00.Resistance.,PJ,GW,PRE,CHBP,ANNUAL,"0,00"
CHBPELC200,,COM,.PRE.,Com.Space Heat.BP.ELC.00.Heat Pump.,PJ,GW,PRE,CHBP,ANNUAL,"0,00"
CHBPGEO100,,COM,.PRE.,Com.Space Heat.BP.GEO.00.Furnace.,PJ,GW,PRE,CHBP,ANNUAL,"0,00"
CHBPGMX100,,COM,.PRE.,Com.Space Heat.BP.GAS.00.Furnace.,PJ,GW,PRE,CHBP,ANNUAL,"0,00"
CHBPGMX501,,COM,.PRE.,Com Space Heat New Boiler - BP - GMX501,PJ,GW,PRE,CHBPGMX501_NRGO,ANNUAL,"0,00"
CHBPHET100,,COM,.PRE.,Com.Space Heat.BP.LTH.00.Heat exchanger.,PJ,GW,PRE,CHBP,ANNUAL,"0,00"
CHBPLPG100,,COM,.PRE.,Com.Space Heat.BP.LPG.00.Furnace.,PJ,GW,PRE,CHBP,ANNUAL,"0,00"
CHBPLTH101,,COM,.PRE.,Com Space Heat New Heat Exchanger - BP - HET101,PJ,GW,PRE,CHBPLTH101_NRGO,ANNUAL,"0,00"
CHBPOIL100,,COM,.PRE.,Com.Space Heat.BP.OIL.00.Furnace.,PJ,GW,PRE,CHBP,ANNUAL,"0,00"
CHBPPEL100,,COM,.PRE.,Com.Space Heat.BP.BIOPEL.00.Stove.,PJ,GW,PRE,CHBP,ANNUAL,"0,00"
CHCOBGS100,,COM,.PRE.,Com.Space Heat.CO.BGS.00.Furnace.,PJ,GW,PRE,CHCO,ANNUAL,"0,00"
CHCOCPS100,,COM,.PRE.,Com.Space Heat.CO.BIOCPS.00.Stove.,PJ,GW,PRE,CHCO,ANNUAL,"0,00"
CHCOELC100,,COM,.PRE.,Com.Space Heat.CO.ELC.00.Resistance.,PJ,GW,PRE,CHCO,ANNUAL,"0,00"
CHCOELC200,,COM,.PRE.,Com.Space Heat.CO.ELC.00.Heat Pump.,PJ,GW,PRE,CHCO,ANNUAL,"0,00"
CHCOGEO100,,COM,.PRE.,Com.Space Heat.CO.GEO.00.Furnace.,PJ,GW,PRE,CHCO,ANNUAL,"0,00"
CHCOGMX100,,COM,.PRE.,Com.Space Heat.CO.GAS.00.Furnace.,PJ,GW,PRE,CHCO,ANNUAL,"0,00"
CHCOGMX501,,COM,.PRE.,Com Space Heat New Boiler - CO - GMX501,PJ,GW,PRE,CHCOGMX501_NRGO,ANNUAL,"0,00"
CHCOHET100,,COM,.PRE.,Com.Space Heat.CO.LTH.00.Heat exchanger.,PJ,GW,PRE,CHCO,ANNUAL,"0,00"
CHCOLPG100,,COM,.PRE.,Com.Space Heat.CO.LPG.00.Furnace.,PJ,GW,PRE,CHCO,ANNUAL,"0,00"
CHCOLTH101,,COM,.PRE.,Com Space Heat New Heat Exchanger - CO - HET101,PJ,GW,PRE,CHCOLTH101_NRGO,ANNUAL,"0,00"
CHCOOIL100,,COM,.PRE.,Com.Space Heat.CO.OIL.00.Furnace.,PJ,GW,PRE,CHCO,ANNUAL,"0,00"
CHCOPEL100,,COM,.PRE.,Com.Space Heat.CO.BIOPEL.00.Stove.,PJ,GW,PRE,CHCO,ANNUAL,"0,00"
CHCSBGS100,,COM,.PRE.,Com.Space Heat.CS.BGS.00.Furnace.,PJ,GW,PRE,CHCS,ANNUAL,"0,00"
CHCSCPS100,,COM,.PRE.,Com.Space Heat.CS.BIOCPS.00.Stove.,PJ,GW,PRE,CHCS,ANNUAL,"0,00"
CHCSELC100,,COM,.PRE.,Com.Space Heat.CS.ELC.00.Resistance.,PJ,GW,PRE,CHCS,ANNUAL,"0,00"
CHCSELC200,,COM,.PRE.,Com.Space Heat.CS.ELC.00.Heat Pump.,PJ,GW,PRE,CHCS,ANNUAL,"0,00"
CHCSGEO100,,COM,.PRE.,Com.Space Heat.CS.GEO.00.Furnace.,PJ,GW,PRE,CHCS,ANNUAL,"0,00"
CHCSGMX100,,COM,.PRE.,Com.Space Heat.CS.GAS.00.Furnace.,PJ,GW,PRE,CHCS,ANNUAL,"0,00"
CHCSGMX401,,COM,.PRE.,Com Space Heat New Boiler - CS - GMX401,PJ,GW,PRE,CHCS,ANNUAL,"0,00"
CHCSHET100,,COM,.PRE.,Com.Space Heat.CS.LTH.00.Heat exchanger.,PJ,GW,PRE,CHCS,ANNUAL,"0,00"
CHCSLPG100,,COM,.PRE.,Com.Space Heat.CS.LPG.00.Furnace.,PJ,GW,PRE,CHCS,ANNUAL,"0,00"
CHCSLTH101,,COM,.PRE.,Com Space Heat New Heat Exchanger - CS - HET101,PJ,GW,PRE,CHCSLTH101_NRGO,ANNUAL,"0,00"
CHCSOIL100,,COM,.PRE.,Com.Space Heat.CS.OIL.00.Furnace.,PJ,GW,PRE,CHCS,ANNUAL,"0,00"
CHCSPEL100,,COM,.PRE.,Com.Space Heat.CS.BIOPEL.00.Stove.,PJ,GW,PRE,CHCS,ANNUAL,"0,00"
CHENBGS100,,COM,.PRE.,Com.Space Heat.EN.BGS.00.Furnace.,PJ,GW,PRE,CHEN,ANNUAL,"0,00"
CHENCPS100,,COM,.PRE.,Com.Space Heat.EN.BIOCPS.00.Stove.,PJ,GW,PRE,CHEN,ANNUAL,"0,00"
CHENELC100,,COM,.PRE.,Com.Space Heat.EN.ELC.00.Resistance.,PJ,GW,PRE,CHEN,ANNUAL,"0,00"
CHENELC200,,COM,.PRE.,Com.Space Heat.EN.ELC.00.Heat Pump.,PJ,GW,PRE,CHEN,ANNUAL,"0,00"
CHENELCHPR202,,COM,.PRE.,Com Space Heat New Heat Pump With Reno - CO - ELC202,PJ,GW,PRE,CHENELCHPR202_NRGO,ANNUAL,"0,00"
CHENGEO100,,COM,.PRE.,Com.Space Heat.EN.GEO.00.Furnace.,PJ,GW,PRE,CHEN,ANNUAL,"0,00"
CHENGMX100,,COM,.PRE.,Com.Space Heat.EN.GAS.00.Furnace.,PJ,GW,PRE,CHEN,ANNUAL,"0,00"
CHENGMX501,,COM,.PRE.,Com Space Heat New Boiler - CO - GMX501,PJ,GW,PRE,CHENGMX501_NRGO,ANNUAL,"0,00"
CHENHET100,,COM,.PRE.,Com.Space Heat.EN.LTH.00.Heat exchanger.,PJ,GW,PRE,CHEN,ANNUAL,"0,00"
CHENLPG100,,COM,.PRE.,Com.Space Heat.EN.LPG.00.Furnace.,PJ,GW,PRE,CHEN,ANNUAL,"0,00"
CHENLTH101,,COM,.PRE.,Com Space Heat New Heat Exchanger - EN - HET101,PJ,GW,PRE,CHENLTH101_NRGO,ANNUAL,"0,00"
CHENOIL100,,COM,.PRE.,Com.Space Heat.EN.OIL.00.Furnace.,PJ,GW,PRE,CHEN,ANNUAL,"0,00"
CHENPEL100,,COM,.PRE.,Com.Space Heat.EN.WODDPELL.00.Stove.,PJ,GW,PRE,CHEN,ANNUAL,"0,00"
CHNBAGMX501,,COM,.PRE.,Com Space Heat New Boiler - NCO - GMX501,PJ,GW,PRE,CHNBAGMX501_NRGO,ANNUAL,"0,00"
CHNBPGMX501,,COM,.PRE.,Com Space Heat New Boiler - NBP - GMX501,PJ,GW,PRE,CHNBPGMX501_NRGO,ANNUAL,"0,00"
CHNCOELCHP202,,COM,.PRE.,Com Space Heat New Heat pump - NCO - ELC202,PJ,GW,PRE,CHNCOELCHP202_NRGO,ANNUAL,"0,00"
CHNCOGMX501,,COM,.PRE.,Com Space Heat New Boiler - NCO - GMX501,PJ,GW,PRE,CHNCOGMX501_NRGO,ANNUAL,"0,00"
CHNCSGMX401,,COM,.PRE.,Com Space Heat New Boiler - NCS - GMX401,PJ,GW,PRE,CHNCS,ANNUAL,"0,00"
CHNENGMX501,,COM,.PRE.,Com Space Heat New Boiler - NCO - GMX501,PJ,GW,PRE,CHNENGMX501_NRGO,ANNUAL,
CHNSAGMX501,,COM,.PRE.,Com Space Heat New Boiler - NCO - GMX501,PJ,GW,PRE,CHNSAGMX501_NRGO,ANNUAL,
CHPINDBLQIPPN00_N,,IND,.CHP.,CHP.Autoproducer.Industry.Pulp&Paper_BLQ-New 00_N,PJ,GW,CHP,CHPINDBLQIPPN00_N_NRGO,DAYNITE,"1,00"
CHPINDCPSIPPN00_N,,IND,.CHP.,CHP.Autoproducer.Industry.Pulp&Paper_CPS-New 00_N,PJ,GW,CHP,CHPINDCPSIPPN00_N_NRGO,DAYNITE,"1,00"
CHPINDIBP00,,IND,.CHP.,CHP.Autoproducer.Industry.wood.00,PJ,GW,CHP,CHPINDIBP00_NRGO,DAYNITE,"0,00"
CHPINDICH00,,IND,.CHP.,CHP.Autoproducer.industrie.chimie.00,PJ,GW,CHP,CHPINDICH00_NRGO,DAYNITE,"0,00"
CHPINDIML00,,IND,.CHP.,CHP.Autoproducer.Industry.FOOD.Milk.00,PJ,GW,CHP,CHPINDIML00_NRGO,DAYNITE,"0,00"
CHPINDINM00,,IND,.CHP.,CHP.Autoproducer.Industry.others.non.metal.00,PJ,GW,CHP,CHPINDINM00_NRGO,DAYNITE,"0,00"
CHPINDIOF00,,IND,.CHP.,CHP.Autoproducer.Industry.FOOD.others.00,PJ,GW,CHP,CHPINDIOF00_NRGO,DAYNITE,"0,00"
CHPINDIOI00,,IND,.CHP.,CHP.Autoproducer.Industry.others.non.metal.00,PJ,GW,CHP,CHPINDIOI00_NRGO,DAYNITE,"0,00"
CHPINDIPO00,,IND,.CHP.,CHP.Autoproducer.Industry.FOODIPO.00,PJ,GW,CHP,CHPINDIPO00_NRGO,DAYNITE,"0,00"
CHPINDIPP00,,IND,.CHP.,CHP.Autoproducer.Industry.Pulp&Paper.00,PJ,GW,CHP,CHPINDIPP00_NRGO,DAYNITE,"0,00"
CHPINDISG00,,IND,.CHP.,CHP.Autoproducer.Industry.FOOD.ISGar.00,PJ,GW,CHP,CHPINDISG00_NRGO,DAYNITE,"0,00"
CHPINDWSTIPPN00_N,,IND,.CHP.,CHP.Autoproducer.Industry.Pulp&Paper_WST-New 00_N,PJ,GW,CHP,CHPINDWSTIPPN00_N_NRGO,DAYNITE,"1,00"
CHSABGS100,,COM,.PRE.,Com.Space Heat.SA.BGS.00.Furnace.,PJ,GW,PRE,CHSA,ANNUAL,"0,00"
CHSACPS100,,COM,.PRE.,Com.Space Heat.SA.BIOCPS.00.Stove.,PJ,GW,PRE,CHSA,ANNUAL,"0,00"
CHSADUM-DEM,,COM,.DMD.,Commercial dummy tech from CHP heat to CH for CHSA,PJ,PJ,DMD,CHSA,ANNUAL,"0,00"
CHSAELC100,,COM,.PRE.,Com.Space Heat.SA.ELC.00.Resistance.,PJ,GW,PRE,CHSA,ANNUAL,"0,00"
CHSAELC200,,COM,.PRE.,Com.Space Heat.SA.ELC.00.Heat Pump.,PJ,GW,PRE,CHSA,ANNUAL,"0,00"
CHSAGEO100,,COM,.PRE.,Com.Space Heat.SA.GEO.00.Furnace.,PJ,GW,PRE,CHSA,ANNUAL,"0,00"
CHSAGMX100,,COM,.PRE.,Com.Space Heat.SA.GAS.00.Furnace.,PJ,GW,PRE,CHSA,ANNUAL,"0,00"
CHSAGMX501,,COM,.PRE.,Com Space Heat New Boiler - CO - GMX501,PJ,GW,PRE,CHSAGMX501_NRGO,ANNUAL,
CHSAGMXCHPN01_N,,COM,.CHP.,New CHP Commercial-SA_GMX,PJ,GW,CHP,CHSAGMXCHPN01_N_NRGO,DAYNITE,"0,00"
CHSAHET100,,COM,.PRE.,Com.Space Heat.SA.LTH.00.Heat exchanger.,PJ,GW,PRE,CHSA,ANNUAL,"0,00"
CHSALPG100,,COM,.PRE.,Com.Space Heat.SA.LPG.00.Furnace.,PJ,GW,PRE,CHSA,ANNUAL,"0,00"
CHSAOIL100,,COM,.PRE.,Com.Space Heat.SA.OIL.00.Furnace.,PJ,GW,PRE,CHSA,ANNUAL,"0,00"
CHSAPEL100,,COM,.PRE.,Com.Space Heat.SA.BIOPEL.00.Stove.,PJ,GW,PRE,CHSA,ANNUAL,"0,00"
CLIGBAELC200,,COM,.PRE.,Com.Lighting.ELC.00.Incandescent Improved.,PJ,PJA,PRE,CLIGBA,ANNUAL,"0,00"
CLIGBAELC300,,COM,.PRE.,Com.Lighting.ELC.00.Halogen.,PJ,PJA,PRE,CLIGBA,ANNUAL,"0,00"
CLIGBAELC400,,COM,.PRE.,Com.Lighting.ELC.00.Fluorescent.,PJ,PJA,PRE,CLIGBA,ANNUAL,"0,00"
CLIGBAELC500,,COM,.PRE.,Com.Lighting.ELC.00.LED.,PJ,PJA,PRE,CLIGBA,ANNUAL,"0,00"
CLIGBAELC501,,COM,.PRE.,CLIGBAELC501,PJ,GW,PRE,CLIGBA,ANNUAL,"0,00"
CLIGBPELC200,,COM,.PRE.,Com.Lighting.ELC.00.Incandescent Improved.,PJ,PJA,PRE,CLIGBP,ANNUAL,"0,00"
CLIGBPELC300,,COM,.PRE.,Com.Lighting.ELC.00.Halogen.,PJ,PJA,PRE,CLIGBP,ANNUAL,"0,00"
CLIGBPELC400,,COM,.PRE.,Com.Lighting.ELC.00.Fluorescent.,PJ,PJA,PRE,CLIGBP,ANNUAL,"0,00"
CLIGBPELC500,,COM,.PRE.,Com.Lighting.ELC.00.LED.,PJ,PJA,PRE,CLIGBP,ANNUAL,"0,00"
CLIGBPELC501,,COM,.PRE.,CLIGBPELC501,PJ,GW,PRE,CLIGBP,ANNUAL,"0,00"
CLIGCOELC200,,COM,.PRE.,Com.Lighting.ELC.00.Incandescent Improved.,PJ,PJA,PRE,CLIGCO,ANNUAL,"0,00"
CLIGCOELC300,,COM,.PRE.,Com.Lighting.ELC.00.Halogen.,PJ,PJA,PRE,CLIGCO,ANNUAL,"0,00"
CLIGCOELC400,,COM,.PRE.,Com.Lighting.ELC.00.Fluorescent.,PJ,PJA,PRE,CLIGCO,ANNUAL,"0,00"
CLIGCOELC500,,COM,.PRE.,Com.Lighting.ELC.00.LED.,PJ,PJA,PRE,CLIGCO,ANNUAL,"0,00"
CLIGCOELC501,,COM,.PRE.,CLIGCOELC501,PJ,GW,PRE,CLIGCO,ANNUAL,"0,00"
CLIGCSELC200,,COM,.PRE.,Com.Lighting.ELC.00.Incandescent Improved.,PJ,PJA,PRE,CLIGCS,ANNUAL,"0,00"
CLIGCSELC300,,COM,.PRE.,Com.Lighting.ELC.00.Halogen.,PJ,PJA,PRE,CLIGCS,ANNUAL,"0,00"
CLIGCSELC400,,COM,.PRE.,Com.Lighting.ELC.00.Fluorescent.,PJ,PJA,PRE,CLIGCS,ANNUAL,"0,00"
CLIGCSELC500,,COM,.PRE.,Com.Lighting.ELC.00.Fluorescent.,PJ,PJA,PRE,CLIGCS,ANNUAL,"0,00"
CLIGCSELC501,,COM,.PRE.,CLIGCSELC501,PJ,GW,PRE,CLIGCS,ANNUAL,"0,00"
CLIGDATAELC200,,COM,.PRE.,Com.Lighting.ELC.00.Incandescent Improved.,PJ,PJA,PRE,CLIGDATA,ANNUAL,"0,00"
CLIGDATAELC300,,COM,.PRE.,Com.Lighting.ELC.00.Halogen.,PJ,PJA,PRE,CLIGDATA,ANNUAL,"0,00"
CLIGDATAELC400,,COM,.PRE.,Com.Lighting.ELC.00.Fluorescent.,PJ,PJA,PRE,CLIGDATA,ANNUAL,"0,00"
CLIGDATAELC500,,COM,.PRE.,Com.Lighting.ELC.00.LED.,PJ,PJA,PRE,CLIGDATA,ANNUAL,"0,00"
CLIGDATAELC501,,COM,.PRE.,CLIGDATAELC501,PJ,GW,PRE,CLIGDATA,ANNUAL,"0,00"
CLIGENELC200,,COM,.PRE.,Com.Lighting.ELC.00.Incandescent Improved.,PJ,PJA,PRE,CLIGEN,ANNUAL,"0,00"
CLIGENELC300,,COM,.PRE.,Com.Lighting.ELC.00.Halogen.,PJ,PJA,PRE,CLIGEN,ANNUAL,"0,00"
CLIGENELC400,,COM,.PRE.,Com.Lighting.ELC.00.Fluorescent.,PJ,PJA,PRE,CLIGEN,ANNUAL,"0,00"
CLIGENELC500,,COM,.PRE.,Com.Lighting.ELC.00.LED.,PJ,PJA,PRE,CLIGEN,ANNUAL,"0,00"
CLIGENELC501,,COM,.PRE.,CLIGENELC501,PJ,GW,PRE,CLIGEN,ANNUAL,"0,00"
CLIGNBAELC501,,COM,.PRE.,CLIGNBAELC501,PJ,GW,PRE,CLIGNBA,ANNUAL,"0,00"
CLIGNBPELC501,,COM,.PRE.,CLIGNBPELC501,PJ,GW,PRE,CLIGNBP,ANNUAL,"0,00"
CLIGNCOELC501,,COM,.PRE.,CLIGNCOELC501,PJ,GW,PRE,CLIGNCO,ANNUAL,"0,00"
CLIGNCSELC501,,COM,.PRE.,CLIGNCSELC501,PJ,GW,PRE,CLIGNCS,ANNUAL,"0,00"
CLIGNDATAELC501,,COM,.PRE.,CLIGNDATAELC501,PJ,GW,PRE,CLIGNDATA,ANNUAL,"0,00"
CLIGNENELC501,,COM,.PRE.,CLIGNENELC501,PJ,GW,PRE,CLIGNEN,ANNUAL,
CLIGNSAELC501,,COM,.PRE.,CLIGNSAELC501,PJ,GW,PRE,CLIGNSA,ANNUAL,
CLIGSAELC200,,COM,.PRE.,Com.Lighting.ELC.00.Incandescent Improved.,PJ,PJA,PRE,CLIGSA,ANNUAL,"0,00"
CLIGSAELC300,,COM,.PRE.,Com.Lighting.ELC.00.Halogen.,PJ,PJA,PRE,CLIGSA,ANNUAL,"0,00"
CLIGSAELC400,,COM,.PRE.,Com.Lighting.ELC.00.Fluorescent.,PJ,PJA,PRE,CLIGSA,ANNUAL,"0,00"
CLIGSAELC500,,COM,.PRE.,Com.Lighting.ELC.00.LED.,PJ,PJA,PRE,CLIGSA,ANNUAL,"0,00"
CLIGSAELC501,,COM,.PRE.,CLIGSAELC501,PJ,GW,PRE,CLIGSA,ANNUAL,
COELELC100,,COM,.DMD.,Com.Other Electricity.ELC.00.Other Equipments.,PJ,PJA,DMD,COEL,ANNUAL,"0,00"
COELELC101,,COM,.DMD.,Com.Other Electricity.ELC.1010.Other Equipments.,PJ,PJA,DMD,COEL,ANNUAL,"0,00"
COENMIX100,,COM,.DMD.,Com.Other Energy.00.Other.,PJ,PJA,DMD,COEN,ANNUAL,"0,00"
COENMIX101,,COM,.DMD.,Com.Other Energy.101.Other,PJ,PJA,DMD,COEN,ANNUAL,"0,00"
COMBDL00,,COM,.PRE.,FT- Biodiesel (COM),PJ,PJA,PRE,COMBDL,ANNUAL,"0,00"
COMBGS00,,COM,.PRE.,Fuel Tech - biogaz enrichi (COM),PJ,PJA,PRE,COMBGS,ANNUAL,"0,00"
COMCPS00,,COM,.PRE.,Fuel Tech - Chips (COM),PJ,PJA,PRE,COMCPS,ANNUAL,"0,00"
COMELC00,,COM,.PRE.,Fuel Tech - Electricity (COM),PJ,GW,PRE,COMELC,DAYNITE,"0,00"
COMGEO00,,COM,.PRE.,Fuel Tech - Geothermal (COM),PJ,PJA,PRE,COMGEO,ANNUAL,"0,00"
COMGMX00,,COM,.PRE.,Fuel Tech  - Natural Gas (COM),PJ,PJA,PRE,COMGMX,ANNUAL,"0,00"
COMGSL00,,COM,.PRE.,Fuel Tech - GSL (COM),PJ,PJA,PRE,COMGSL,ANNUAL,"0,00"
COMHET00,,COM,.PRE.,Fuel Tech - Low Temparature Heat (COM),PJ,PJA,PRE,COMHET,ANNUAL,"0,00"
COMLPG00,,COM,.PRE.,Fuel Tech - Liquified Petroleum Gas (COM),PJ,PJA,PRE,COMLPG,ANNUAL,"0,00"
COMOIL00,,COM,.PRE.,Fuel Tech - Oil (COM),PJ,PJA,PRE,COMOIL,ANNUAL,"0,00"
COMPEL00,,COM,.PRE.,Fuel Tech - Pellets (COM),PJ,PJA,PRE,COMPEL,ANNUAL,"0,00"
COMPVELC,,COM,.ELE.,PV commercial,PJ,GW,ELE,COMPVELC_NRGO,DAYNITE,"0,00"
COMSOL00,,COM,.PRE.,Fuel Tech - Solar (COM),PJ,PJA,PRE,COMSOL,ANNUAL,"0,00"
COM_CBAT_BA,,COM,.DMD.,Building Existing BA,MM2,MM2-A,DMD,CBATBA,ANNUAL,"0,00"
COM_CBAT_BP,,COM,.DMD.,Building Existing BP,MM2,MM2-A,DMD,CBATBP,ANNUAL,"0,00"
COM_CBAT_CO,,COM,.DMD.,Building Existing CO,MM2,MM2-A,DMD,CBATCO,ANNUAL,"0,00"
COM_CBAT_CS,,COM,.DMD.,Building Existing CS,MM2,MM2-A,DMD,CBATCS,ANNUAL,"0,00"
COM_CBAT_DATA,,COM,.DMD.,Building Existing DATA,MM2,MM2-A,DMD,CBATDATA,ANNUAL,"0,00"
COM_CBAT_EN,,COM,.DMD.,Building Existing EN,MM2,MM2-A,DMD,CBATEN,ANNUAL,"0,00"
COM_CBAT_SA,,COM,.DMD.,Building Existing SA,MM2,MM2-A,DMD,CBATSA,ANNUAL,"0,00"
COM_CNBAT_BA,,COM,.DMD.,Building New BA,MM2,MM2-A,DMD,CNBATBA,ANNUAL,"0,00"
COM_CNBAT_BP,,COM,.DMD.,Building New BP,MM2,MM2-A,DMD,CNBATBP,ANNUAL,"0,00"
COM_CNBAT_CO,,COM,.DMD.,Building New CO,MM2,MM2-A,DMD,CNBATCO,ANNUAL,"0,00"
COM_CNBAT_CS,,COM,.DMD.,Building New CS,MM2,MM2-A,DMD,CNBATCS,ANNUAL,"0,00"
COM_CNBAT_DATA,,COM,.DMD.,Building New TA,MM2,MM2-A,DMD,CNBATDATA,ANNUAL,"0,00"
COM_CNBAT_EN,,COM,.DMD.,Building New EN,MM2,MM2-A,DMD,CNBATEN,ANNUAL,"0,00"
COM_CNBAT_SA,,COM,.DMD.,Building New SA,MM2,MM2-A,DMD,CNBATSA,ANNUAL,"0,00"
COSEELC100,,COM,.DMD.,Com.Serveur Electricity.DATA CENTER.ELC.00.Other Equipments.,PJ,PJA,DMD,COSE,ANNUAL,"0,00"
COSEELC101,,COM,.DMD.,Com.Serveur Electricity.DATA CENTER.ELC.01.Other Equipments.,PJ,PJA,DMD,COSE,ANNUAL,"0,00"
CPLIELC100,,COM,.DMD.,Com.Public Lighting.ELC.00.Generic Lamp.,PJ,PJA,DMD,CPLI,ANNUAL,"0,00"
CPLIELC201,,COM,.DMD.,Com.Public Lighting.ELC.201.LED.,PJ,PJA,DMD,CPLI,ANNUAL,"0,00"
CREFELC100,,COM,.DMD.,Com.Refrigeration.ELC.00.Refrigerator.,PJ,PJA,DMD,CREF,ANNUAL,"0,00"
CREFELC200,,COM,.DMD.,Com.Refrigeration.ELC.00.Freezer.,PJ,PJA,DMD,CREF,ANNUAL,"0,00"
CREFELC300,,COM,.DMD.,Com.Refrigeration.ELC.00.Refrigerator+Freezer.,PJ,PJA,DMD,CREF,ANNUAL,"0,00"
CREFELC301,,COM,.DMD.,Com.Refrigeration.ELC.301.Refrigerator.,PJ,PJA,DMD,CREF,ANNUAL,"0,00"
CWBABGS100,,COM,.PRE.,Com.Water Heat.BA.BGS.00.Furnace.,PJ,GW,PRE,CWBA,ANNUAL,"0,00"
CWBACPS100,,COM,.PRE.,Com.Water Heat.BA.BIOCPS.00.Stove.,PJ,GW,PRE,CWBA,ANNUAL,"0,00"
CWBAGMX100,,COM,.PRE.,Com.Water Heat.BA.GAS.00.Furnace.,PJ,GW,PRE,CWBA,ANNUAL,"0,00"
CWBAGMX101,,COM,.PRE.,Com Water Heat New Boiler - BA - GMX101,PJ,GW,PRE,CWBA,ANNUAL,"0,00"
CWBALPG100,,COM,.PRE.,Com.Water Heat.BA.LPG.00.Furnace.,PJ,GW,PRE,CWBA,ANNUAL,"0,00"
CWBAOIL100,,COM,.PRE.,Com.Water Heat.BA.OIL.00.Furnace.,PJ,GW,PRE,CWBA,ANNUAL,"0,00"
CWBAPEL100,,COM,.PRE.,Com.Water Heat.BA.BIOPEL.00.Stove.,PJ,GW,PRE,CWBA,ANNUAL,"0,00"
CWBASOL100,,COM,.PRE.,Com.Water Heat.BA.SOL.00.Furnace.,PJ,GW,PRE,CWBA,ANNUAL,"0,00"
CWBASOL101,,COM,.PRE.,Com Water Heat New Boiler - BA - SOL101,PJ,GW,PRE,CWBA,ANNUAL,"0,00"
CWBPBGS100,,COM,.PRE.,Com.Water Heat.BP.BGS.00.Furnace.,PJ,GW,PRE,CWBP,ANNUAL,"0,00"
CWBPCPS100,,COM,.PRE.,Com.Water Heat.BP.BIOCPS.00.Stove.,PJ,GW,PRE,CWBP,ANNUAL,"0,00"
CWBPGMX100,,COM,.PRE.,Com.Water Heat.BP.GAS.00.Furnace.,PJ,GW,PRE,CWBP,ANNUAL,"0,00"
CWBPGMX101,,COM,.PRE.,Com Water Heat New Boiler - BP - GMX101,PJ,GW,PRE,CWBP,ANNUAL,"0,00"
CWBPLPG100,,COM,.PRE.,Com.Water Heat.BP.LPG.00.Furnace.,PJ,GW,PRE,CWBP,ANNUAL,"0,00"
CWBPOIL100,,COM,.PRE.,Com.Water Heat.BP.OIL.00.Furnace.,PJ,GW,PRE,CWBP,ANNUAL,"0,00"
CWBPPEL100,,COM,.PRE.,Com.Water Heat.BP.BIOPEL.00.Stove.,PJ,GW,PRE,CWBP,ANNUAL,"0,00"
CWBPSOL100,,COM,.PRE.,Com.Water Heat.BP.SOL.00.Furnace.,PJ,GW,PRE,CWBP,ANNUAL,"0,00"
CWBPSOL101,,COM,.DMD.,Com Water Heat New Boiler - BPN - SOL101,PJ,GW,DMD,CWBP,ANNUAL,"0,00"
CWCOBGS100,,COM,.PRE.,Com.Water Heat.CO.BGS.00.Furnace.,PJ,GW,PRE,CWCO,ANNUAL,"0,00"
CWCOCPS100,,COM,.PRE.,Com.Water Heat.CO.BIOCPS.00.Stove.,PJ,GW,PRE,CWCO,ANNUAL,"0,00"
CWCOELC100,,COM,.PRE.,Com.Water Heat.CO.ELC.00.Resistance.,PJ,GW,PRE,CWCO,ANNUAL,"0,00"
CWCOELC200,,COM,.PRE.,Com.Water Heat.CO.ELC.00.Heat Pump.,PJ,GW,PRE,CWCO,ANNUAL,"0,00"
CWCOGMX100,,COM,.PRE.,Com.Water Heat.CO.GAS.00.Furnace.,PJ,GW,PRE,CWCO,ANNUAL,"0,00"
CWCOGMX101,,COM,.PRE.,Com Water Heat New Boiler - CO - GMX101,PJ,GW,PRE,CWCO,ANNUAL,"0,00"
CWCOLPG100,,COM,.PRE.,Com.Water Heat.CO.LPG.00.Furnace.,PJ,GW,PRE,CWCO,ANNUAL,"0,00"
CWCOOIL100,,COM,.PRE.,Com.Water Heat.CO.OIL.00.Furnace.,PJ,GW,PRE,CWCO,ANNUAL,"0,00"
CWCOPEL100,,COM,.PRE.,Com.Water Heat.CO.BIOPEL.00.Stove.,PJ,GW,PRE,CWCO,ANNUAL,"0,00"
CWCOSOL100,,COM,.PRE.,Com.Water Heat.CO.SOL.00.Furnace.,PJ,GW,PRE,CWCO,ANNUAL,"0,00"
CWCOSOL101,,COM,.PRE.,Com Water Heat New Boiler - CO - SOL101,PJ,GW,PRE,CWCO,ANNUAL,"0,00"
CWCSBGS100,,COM,.PRE.,Com.Water Heat.CS.BGS.00.Furnace.,PJ,GW,PRE,CWCS,ANNUAL,"0,00"
CWCSCPS100,,COM,.PRE.,Com.Water Heat.CS.BIOCPS.00.Stove.,PJ,GW,PRE,CWCS,ANNUAL,"0,00"
CWCSGMX100,,COM,.PRE.,Com.Water Heat.CS.GAS.00.Furnace.,PJ,GW,PRE,CWCS,ANNUAL,"0,00"
CWCSGMX101,,COM,.PRE.,Com Water Heat New Boiler - CS - GMX101,PJ,GW,PRE,CWCS,ANNUAL,"0,00"
CWCSHET100,,COM,.PRE.,Com.Water Heat.CS.LTH.00.Heat Exchanger.,PJ,GW,PRE,CWCS,ANNUAL,"0,00"
CWCSLPG100,,COM,.PRE.,Com.Water Heat.CS.LPG.00.Furnace.,PJ,GW,PRE,CWCS,ANNUAL,"0,00"
CWCSOIL100,,COM,.PRE.,Com.Water Heat.CS.OIL.00.Furnace.,PJ,GW,PRE,CWCS,ANNUAL,"0,00"
CWCSPEL100,,COM,.PRE.,Com.Water Heat.CS.BIOPEL.00.Stove.,PJ,GW,PRE,CWCS,ANNUAL,"0,00"
CWCSSOL100,,COM,.PRE.,Com.Water Heat.CS.SOL.00.Furnace.,PJ,GW,PRE,CWCS,ANNUAL,"0,00"
CWCSSOL101,,COM,.PRE.,Com Water Heat New Boiler - CS - SOL101,PJ,GW,PRE,CWCS,ANNUAL,"0,00"
CWENBGS100,,COM,.PRE.,Com.Water Heat.EN.BGS.00.Furnace.,PJ,GW,PRE,CWEN,ANNUAL,"0,00"
CWENCPS100,,COM,.PRE.,Com.Water Heat.EN.BIOCPS.00.Stove.,PJ,GW,PRE,CWEN,ANNUAL,"0,00"
CWENGMX100,,COM,.PRE.,Com.Water Heat.EN.GAS.00.Furnace.,PJ,GW,PRE,CWEN,ANNUAL,"0,00"
CWENGMX101,,COM,.PRE.,Com Water Heat New Boiler - EN - GMX101,PJ,GW,PRE,CWEN,ANNUAL,"0,00"
CWENLPG100,,COM,.PRE.,Com.Water Heat.EN.LPG.00.Furnace.,PJ,GW,PRE,CWEN,ANNUAL,"0,00"
CWENOIL100,,COM,.PRE.,Com.Water Heat.EN.OIL.00.Furnace.,PJ,GW,PRE,CWEN,ANNUAL,"0,00"
CWENPEL100,,COM,.PRE.,Com.Water Heat.EN.BIOPEL.00.Stove.,PJ,GW,PRE,CWEN,ANNUAL,"0,00"
CWENSOL100,,COM,.PRE.,Com.Water Heat.EN.SOL.00.Furnace.,PJ,GW,PRE,CWEN,ANNUAL,"0,00"
CWENSOL101,,COM,.PRE.,Com Water Heat New Boiler - EN - SOL101,PJ,GW,PRE,CWEN,ANNUAL,"0,00"
CWNBAGMX101,,COM,.PRE.,Com Water Heat New Boiler - NBA - GMX101,PJ,GW,PRE,CWNBA,ANNUAL,"0,00"
CWNBPGMX101,,COM,.PRE.,Com Water Heat New Boiler - NBP - GMX101,PJ,GW,PRE,CWNBP,ANNUAL,"0,00"
CWNCOGMX101,,COM,.PRE.,Com Water Heat New Boiler - NCO - GMX101,PJ,GW,PRE,CWNCO,ANNUAL,"0,00"
CWNCSGMX101,,COM,.PRE.,Com Water Heat New Boiler - NCS - GMX101,PJ,GW,PRE,CWNCS,ANNUAL,"0,00"
CWNCSSOL101,,COM,.PRE.,Com Water Heat New Boiler - NCS - SOL101,PJ,GW,PRE,CWNCS,ANNUAL,"0,00"
CWNENGMX101,,COM,.PRE.,Com Water Heat New Boiler - NEN - GMX101,PJ,GW,PRE,CWNEN,ANNUAL,
CWNENSOL101,,COM,.PRE.,Com Water Heat New Boiler - NEN - SOL101,PJ,GW,PRE,CWNEN,ANNUAL,
CWNSAGMX101,,COM,.PRE.,Com Water Heat New Boiler - NSA - GMX101,PJ,GW,PRE,CWNSA,ANNUAL,
CWNSASOL101,,COM,.PRE.,Com Water Heat New Boiler - NSA - SOL101,PJ,GW,PRE,CWNSA,ANNUAL,
CWSABGS100,,COM,.PRE.,Com.Water Heat.SA.BGS.00.Furnace.,PJ,GW,PRE,CWSA,ANNUAL,"0,00"
CWSACPS100,,COM,.PRE.,Com.Water Heat.SA.BIOCPS.00.Stove.,PJ,GW,PRE,CWSA,ANNUAL,"0,00"
CWSAGMX100,,COM,.PRE.,Com.Water Heat.SA.GAS.00.Furnace.,PJ,GW,PRE,CWSA,ANNUAL,"0,00"
CWSAGMX101,,COM,.PRE.,Com Water Heat New Boiler - SA - GMX101,PJ,GW,PRE,CWSA,ANNUAL,
CWSAHET100,,COM,.PRE.,Com.Water Heat.SA.LTH.00.Heat Exchanger.,PJ,GW,PRE,CWSA,ANNUAL,"0,00"
CWSALPG100,,COM,.PRE.,Com.Water Heat.SA.LPG.00.Furnace.,PJ,GW,PRE,CWSA,ANNUAL,"0,00"
CWSAOIL100,,COM,.PRE.,Com.Water Heat.SA.OIL.00.Furnace.,PJ,GW,PRE,CWSA,ANNUAL,"0,00"
CWSAPEL100,,COM,.PRE.,Com.Water Heat.SA.BIOPEL.00.Stove.,PJ,GW,PRE,CWSA,ANNUAL,"0,00"
CWSASOL100,,COM,.PRE.,Com.Water Heat.SA.SOL.00.Furnace.,PJ,GW,PRE,CWSA,ANNUAL,"0,00"
CWSASOL101,,COM,.PRE.,Com Water Heat New Boiler - SA - SOL101,PJ,GW,PRE,CWSA,ANNUAL,
DIGEGAS100,,SUP,.PRE.,Chaleur digesteur biogaz,PJ,GW,PRE,SUPHET,ANNUAL,"0,00"
DIGEOIL100,,SUP,.PRE.,Chaleur digesteur mazout,PJ,GW,PRE,SUPHET,ANNUAL,"0,00"
DJ_2F_process,,RSD,.DMD.,DJ_2F_process,PJ,PJA,DMD,DJ2F,ANNUAL,"0,00"
DJ_3F_process,,RSD,.DMD.,DJ_3F_process,PJ,PJA,DMD,DJ3F,ANNUAL,"0,00"
DJ_4F_process,,RSD,.DMD.,DJ_4F_process,PJ,PJA,DMD,DJ4F,ANNUAL,"0,00"
DJ_AP_process,,RSD,.DMD.,DJ_AP_process,PJ,PJA,DMD,DJAP,ANNUAL,"0,00"
Dum_Retrofit,,RSD,.IMP.IRE.,Dum_Retrofit,MM2,MM2-A,IRE,Dum_Retrofit_NRGO,ANNUAL,"0,00"
Dum_Retrofit_Commercial,,COM,.IMP.IRE.,Dum_Retrofit_Commercial,MM2,MM2-A,IRE,Dum_Retrofit_Commercial_NRGO,ANNUAL,"0,00"
ECHPP_CCGT-CHP_GAS_N,,ELC,.CHP.,New Public - CCGT advanced CHP,PJ,GW,CHP,ECHPP_CCGT-CHP_GAS_N_NRGO,DAYNITE,"1,00"
ECHPP_COM_BGS_E05,,ELC,.CHP.,Existing thermal - CHP - Commercial - E05,PJ,GW,CHP,ECHPP_COM_BGS_E05_NRGO,DAYNITE,"0,00"
ECHPP_COM_CPS_E01,,ELC,.CHP.,Existing thermal - CHP - Commercial - E01,PJ,GW,CHP,ECHPP_COM_CPS_E01_NRGO,DAYNITE,"0,00"
ECHPP_COM_GAS_E04,,ELC,.CHP.,Existing thermal - CHP - Commercial - E04,PJ,GW,CHP,ECHPP_COM_GAS_E04_NRGO,DAYNITE,"0,00"
ECHPP_COM_OIL_E06,,ELC,.ELE.,Existing thermal - CHP - Commercial - E07,PJ,GW,ELE,ELCHIG,DAYNITE,"0,00"
ECHPP_COM_PEL_E03,,ELC,.CHP.,Existing thermal - CHP - Commercial - E03,PJ,GW,CHP,ECHPP_COM_PEL_E03_NRGO,DAYNITE,"0,00"
ECHPP_MOT_BGS_E01,,ELC,.CHP.,Existing Thermal Public - CHP - Moteur  - E01,PJ,GW,CHP,ECHPP_MOT_BGS_E01_NRGO,DAYNITE,"0,00"
ECHPP_MOT_BIO_E02,,ELC,.CHP.,Existing Thermal Public - CHP - Moteur  - E02,PJ,GW,CHP,ECHPP_MOT_BIO_E02_NRGO,DAYNITE,"0,00"
ECHPP_MOT_GAS_E04,,ELC,.CHP.,Existing Thermal Public - CHP - Moteur  - E04,PJ,GW,CHP,ECHPP_MOT_GAS_E04_NRGO,DAYNITE,"0,00"
ECHPP_MOT_OIL_E03,,ELC,.CHP.,Existing Thermal Public - CHP - Moteur  - E03,PJ,GW,CHP,ECHPP_MOT_OIL_E03_NRGO,DAYNITE,"0,00"
ELCBGS00,,ELC,.PRE.,Fuel Tech - BioGas (ELC),PJ,PJA,PRE,ELCBGS,ANNUAL,"0,00"
ELCBIO00,,ELC,.PRE.,Fuel Tech - Biomass (ELC),PJ,PJA,PRE,ELCBIO,ANNUAL,"0,00"
ELCCPS00,,ELC,.PRE.,Fuel Tech - Wood Chips (ELC),PJ,PJA,PRE,ELCCPS,ANNUAL,"0,00"
ELCGAS00,,ELC,.PRE.,Fuel Tech - Natural Gas (ELC),PJ,PJA,PRE,ELCGAS,ANNUAL,"0,00"
ELCHYD00,,ELC,.PRE.,Fuel Tech - Hydro (ELC),PJ,PJA,PRE,ELCHYD,ANNUAL,"0,00"
ELCNUC00,,ELC,.PRE.,Fuel Tech - Nuclear (ELC),PJ,PJA,PRE,ELCNUC,ANNUAL,"0,00"
ELCOIL00,,ELC,.PRE.,Fuel Tech - Oil (ELC),PJ,PJA,PRE,ELCOIL,ANNUAL,"0,00"
ELCPEL00,,ELC,.PRE.,Fuel Tech - Wood Pellets (ELC),PJ,PJA,PRE,ELCPEL,ANNUAL,"0,00"
ELCSLU00,,ELC,.PRE.,Fuel Tech - Wastes Renewable (ELC),PJ,PJA,PRE,ELCSLU,ANNUAL,"0,00"
ELCSOL00,,ELC,.PRE.,Fuel Tech - Solar (ELC),PJ,PJA,PRE,ELCSOL,ANNUAL,"0,00"
ELCWIN00,,ELC,.PRE.,Fuel Tech - Wind (ELC),PJ,PJA,PRE,ELCWIN,ANNUAL,"0,00"
ELCWST00,,ELC,.PRE.,Fuel Tech - Wastes Non-Renewable (ELC),PJ,PJA,PRE,ELCWST,ANNUAL,"0,00"
ENUC_Thiange,,ELC,.ELE.,Existing Nuclear Power Plant - 859,PJ,GW,ELE,ELCHIG,DAYNITE,"0,00"
ERNW_Eolien_Big_E1,,ELC,.ELE.,Wind Turbine >2000kW,PJ,GW,ELE,ELCHIG,DAYNITE,"0,00"
ERNW_Eolien_Medium_E3,,ELC,.ELE.,Wind Turbine >100 et <=2000 kW,PJ,GW,ELE,ELCHIG,DAYNITE,"0,00"
ERNW_Eolien_Small_E4,,ELC,.ELE.,Wind Turbine <=100 kW,PJ,GW,ELE,ELCHIG,DAYNITE,"0,00"
ERNW_HYD_HYD_N,,ELC,.ELE.,New Public - Hydro new 300 kW,PJ,GW,ELE,ELCHIG,DAYNITE,"1,00"
ERNW_Hydro_Big_E5,,ELC,.ELE.,Hydro run of river >10000 kW,PJ,GW,ELE,ELCHIG,ANNUAL,"0,00"
ERNW_Hydro_Medium_E6,,ELC,.ELE.,Hydro run of river >1000 et <=10000 kW,PJ,GW,ELE,ELCHIG,ANNUAL,"0,00"
ERNW_Hydro_Pompage_E8,,ELC,.ELE.STGTSS.,Hydro pump storage,PJ,GW,ELE,ELCHIG,DAYNITE,"0,00"
ERNW_Hydro_Small_E7,,ELC,.ELE.,Hydro run of river <=1000 kW,PJ,GW,ELE,ELCHIG,ANNUAL,"0,00"
ERNW_PV-Buildings_SOL_N,,ELC,.ELE.,New Public - Solar PV Buildings 100 kW (10-500 KW TERT RES AGRI PKGS),PJ,GW,ELE,ERNW_PV-Buildings_SOL_N_NRGO,DAYNITE,"1,00"
ERNW_PV-GreenField_SOL_N,,ELC,.ELE.,New Public - Solar PV Greenfield 10 MW ( 1-30 MW),PJ,GW,ELE,ERNW_PV-GreenField_SOL_N_NRGO,DAYNITE,"1,00"
ERNW_PV-Large_Roof_SOL_N,,ELC,.ELE.,New Public - Solar PV Large Roofs  1 MW (1-5 MW  IND CCIAL LOGIST PKGS),PJ,GW,ELE,ERNW_PV-Large_Roof_SOL_N_NRGO,DAYNITE,"1,00"
ERNW_WINON_WIN_N,,ELC,.ELE.,New Public - Wind Onshore Large,PJ,GW,ELE,ELCHIG,DAYNITE,"1,00"
ETSTP_CCGT-CCS_PostC_GAS_N,,ELC,.ELE.,New Thermal Public - CCGT advanced CCS post combustion,PJ,GW,ELE,ELCHIG,DAYNITE,"1,00"
ETSTP_CCGT_GAS_N,,ELC,.ELE.,New Thermal Public - Combined Cycle Gas Turbine advanced.,PJ,GW,ELE,ELCHIG,DAYNITE,"1,00"
ETSTP_MOT_BGS_E09,,ELC,.ELE.,Existing Thermal Public - Pure ELC - Moteur  - E09,PJ,GW,ELE,ELCHIG,DAYNITE,"0,00"
ETSTP_TAG_GAS_E06,,ELC,.ELE.,Existing Thermal Public - Pure ELC - Turbine à natural gaz   - E06,PJ,GW,ELE,ELCHIG,DAYNITE,"0,00"
ETSTP_TGV_GAS_E01,,ELC,.ELE.,Existing Thermal Public - Pure ELC - Turbine gaz à vapeur - E01,PJ,GW,ELE,ELCHIG,DAYNITE,"0,00"
ETSTP_TGV_GAS_E02,,ELC,.ELE.,Existing Thermal Public - Pure ELC - Turbine gaz à vapeur - E02,PJ,GW,ELE,ELCHIG,DAYNITE,"0,00"
ETSTP_TGV_GAS_E03,,ELC,.ELE.,Existing Thermal Public - Pure ELC - Turbine gaz à vapeur - E03,PJ,GW,ELE,ELCHIG,DAYNITE,"0,00"
ETSTP_TGV_GAS_E04,,ELC,.ELE.,Existing Thermal Public - Pure ELC - Turbine gaz à vapeur - E04,PJ,GW,ELE,ELCHIG,DAYNITE,"0,00"
ETSTP_TVC_WST_E11,,ELC,.CHP.,Existing Thermal Public - Pure ELC - Turbine vapeur à condensation - E11,PJ,GW,CHP,ETSTP_TVC_WST_E11_NRGO,DAYNITE,"0,00"
EVTRANS_H-H,,ELC,.PRE.,Grid High Voltage,PJ,GW,PRE,ELCHIGG,DAYNITE,"0,00"
EVTRANS_H-M,,ELC,.PRE.,Grid medium Voltage and Voltage Transformer: High to Medium,PJ,GW,PRE,ELCMED,DAYNITE,"0,00"
EVTRANS_M-L,,ELC,.PRE.,Grid low Voltage and Voltage Transformer: Medium to Low,PJ,GW,PRE,ELCLOW,DAYNITE,"0,00"
EXPBIOLOG,,SUP,.EXP.IRE.,Export Wood Logs,PJ,-,IRE,BIOLOG,ANNUAL,"0,00"
EXPBIOPEL,,SUP,.EXP.IRE.,Export Wood Pellets,PJ,-,IRE,BIOPEL,ANNUAL,"0,00"
EXPELCHIG,,ELC,.EXP.IRE.,Electricity export (All),PJ,-,IRE,ELCHIG,DAYNITE,"0,00"
IAMADVPRO10,,IND,.DMD.,IAM.Advanced Production.10.,MT,MT,DMD,IAM,ANNUAL,"1,00"
IAMSTDPRO00,,IND,.DMD.,IAM.Standard Production.00.,MT,MTA,DMD,IAM,ANNUAL,"0,00"
IAMSTDPRO01,,IND,.DMD.,IAM.Standard Production.01,MT,MT,DMD,IAMSTDPRO01_DEMO,ANNUAL,"1,00"
IBKSTDPRO00,,IND,.DMD.,IBK.bricks.production.standard,PJ,PJA,DMD,IBK,ANNUAL,"0,00"
IBKSTDPRO01,,IND,.DMD.,IBK.bricks.production.standard.01,MT,MT,DMD,IBK,ANNUAL,"1,00"
IBOBIOPEL00,,IND,.PRE.,IBO.production.wood.pellets.00,PJ,PJA,PRE,BIOPEL,ANNUAL,"0,00"
IBOBIOPEL01,,IND,.PRE.,IBE.production.wood.pellets.01,PJ,PJA,PRE,BIOPEL,ANNUAL,"1,00"
IBOHTHSTMCPS01,,IND,.PRE.,IBO.wood.Process Heat.CPS.01,PJ,GW,PRE,IBOHTH,ANNUAL,"1,00"
IBOPROD00,,IND,.DMD.,IBO.Production.Wood.products.00,PJ,PJA,DMD,IBO,ANNUAL,"0,00"
IBOPROD01,,IND,.DMD.,IBO.Production.Wood.products.01,MM3,MM3,DMD,IBO,ANNUAL,"1,00"
IBOSTMGAS00,,IND,.PRE.,IBO.Generic Boiler.GAS,PJ,PJA,PRE,IBOHTH,ANNUAL,"0,00"
IBOSTMOIL00,,IND,.PRE.,IBO.Generic Boiler.OIL,PJ,PJA,PRE,IBOHTH,ANNUAL,"0,00"
IBOSTMSOLID00,,IND,.PRE.,IBO.Generic Boiler.Solids,PJ,PJA,PRE,IBOHTH,ANNUAL,"0,00"
ICESTDPRO00,,IND,.DMD.,ICE.Ceramics.production.standard,PJ,PJA,DMD,ICE,ANNUAL,"0,00"
ICESTDPRO01,,IND,.DMD.,ICE.Ceramics.production.standard.01,MT,MT,DMD,ICE,ANNUAL,"1,00"
ICHDEMAND00,,IND,.DMD.,ICH.Other Chemicals.00.,PJ,PJA,DMD,ICH,ANNUAL,"0,00"
ICHELEELC00,,IND,.PRE.,ICH.Other Chemicals.Electro-Chemical Processes.ELC.00,PJ,PJA,PRE,ICHELE,ANNUAL,"0,00"
ICHELEELC01,,IND,.PRE.,ICHELEELC01,PJ,PJA,PRE,ICHELE,ANNUAL,"1,00"
ICHMCHELC00,,IND,.PRE.,ICH.Other Chemicals.Machine Drive.ELC.00,PJ,PJA,PRE,ICHMCH,ANNUAL,"0,00"
ICHMCHELC01,,IND,.PRE.,ICHMCHELC01,PJ,PJA,PRE,ICHMCH,ANNUAL,"1,00"
ICHOTH-NRG,,IND,.PRE.,ICH: Other energy uses,PJ,PJA,PRE,ICHOTH,ANNUAL,"0,00"
ICHPACELC01,,IND,.PRE.,Heat pump,PJ,GW,PRE,ICHHTH,ANNUAL,"1,00"
ICHPRCCOA00,,IND,.PRE.,ICH.Other Chemicals.Process Heat.COA.00,PJ,PJA,PRE,ICHPRC,ANNUAL,"0,00"
ICHPRCCOA01,,IND,.PRE.,ICHPRCCOA01,PJ,GW,PRE,ICHPRC,ANNUAL,"1,00"
ICHPRCCOK01,,IND,.PRE.,ICHPRCCOK01,PJ,GW,PRE,ICHPRC,ANNUAL,"1,00"
ICHPRCCPS00,,IND,.PRE.,ICH.Other Chemicals.Process Heat.CPS.00,PJ,PJA,PRE,ICHPRC,ANNUAL,"0,00"
ICHPRCCPS01,,IND,.PRE.,ICHPRCCPS01,PJ,GW,PRE,ICHPRC,ANNUAL,"1,00"
ICHPRCGAS00,,IND,.PRE.,ICH.Other Chemicals.Process Heat.GAS.00,PJ,PJA,PRE,ICHPRC,ANNUAL,"0,00"
ICHPRCHFO00,,IND,.PRE.,ICH.Other Chemicals.Process Heat.HFO.00,PJ,PJA,PRE,ICHPRC,ANNUAL,"0,00"
ICHSTMBGS01,,IND,.PRE.,ICHSTMBGS01,PJ,GW,PRE,ICHHTH,ANNUAL,"1,00"
ICHSTMCOA00,,IND,.PRE.,ICH.Other Chemicals.Steam.COA.00,PJ,GW,PRE,ICHHTH,ANNUAL,"0,00"
ICHSTMCPS00,,IND,.PRE.,ICH.Other Chemicals.Steam.CPS.00,PJ,GW,PRE,ICHHTH,ANNUAL,"0,00"
ICHSTMCPS01,,IND,.PRE.,ICHSTMCPS01,PJ,GW,PRE,ICHHTH,ANNUAL,"1,00"
ICHSTMELC01,,IND,.PRE.,ICHSTMELC01,PJ,GW,PRE,ICHHTH,ANNUAL,"1,00"
ICHSTMGAS00,,IND,.PRE.,ICH.Other Chemicals.Steam.GAS.01,PJ,GW,PRE,ICHHTH,ANNUAL,"0,00"
ICHSTMGMX00,,IND,.PRE.,ICH.Other Chemicals.Steam.GAS.00,PJ,GW,PRE,ICHHTH,ANNUAL,"0,00"
ICHSTMHET00,,IND,.PRE.,ICH.Other Chemicals.Steam.HET.00,PJ,GW,PRE,ICHHTH,ANNUAL,"0,00"
ICHSTMHET01,,IND,.PRE.,ICHSTMHET01,PJ,GW,PRE,ICHHTH,ANNUAL,"1,00"
ICHSTMHFO00,,IND,.PRE.,ICH.Other Chemicals.Steam.HFO.00,PJ,GW,PRE,ICHHTH,ANNUAL,"0,00"
ICHSTMLFO00,,IND,.PRE.,ICH.Other Chemicals.Steam.LFO.00,PJ,GW,PRE,ICHHTH,ANNUAL,"0,00"
ICHSTMLPG00,,IND,.PRE.,ICH.Other Chemicals.Steam.LPG.00,PJ,GW,PRE,ICHHTH,ANNUAL,"0,00"
ICMDRYPRD00,,IND,.PRE.,ICM.Dry Process Production.00.,MT,MTA,PRE,MCMCLK,ANNUAL,"0,00"
ICMDRYPRD10,,IND,.PRE.,ICM.Dry Process Production.01,MT,MT,PRE,MCMCLK,ANNUAL,"1,00"
ICMFINPRO00,,IND,.DMD.,ICM.Finishing Processes.00.,MT,MTA,DMD,ICM,ANNUAL,"0,00"
ICMFINPRO01,,IND,.DMD.,ICM.Finishing Processes.01,MT,MT,DMD,ICM,ANNUAL,"1,00"
ICMPRC20,,IND,.PRE.,ICM.Dry Process Production oxycomb.01,MT,MT,PRE,MCMCLK,ANNUAL,"1,00"
ICMPRC21,,IND,.PRE.,ICM.Dry Process Production oxycomb.02,MT,MT,PRE,MCMCLK,ANNUAL,"1,00"
ICMPRCCOA00,,IND,.PRE.,ICM.Generic fuel kiln.COA,PJ,PJA,PRE,ICMPRC,ANNUAL,"0,00"
ICMPRCCOK00,,IND,.PRE.,ICM.Generic fuel kiln.COL,PJ,PJA,PRE,ICMPRC,ANNUAL,"0,00"
ICMPRCCOL00,,IND,.PRE.,ICM.Generic fuel kiln.COL,PJ,PJA,PRE,ICMPRC,ANNUAL,"0,00"
ICMPRCGAS00,,IND,.PRE.,ICM.Generic fuel kiln.GAS,PJ,PJA,PRE,ICMPRC,ANNUAL,"0,00"
ICMPRCHFO00,,IND,.PRE.,ICM.Generic fuel kiln.HFO,PJ,PJA,PRE,ICMPRC,ANNUAL,"0,00"
ICMPRCSLU00,,IND,.PRE.,ICM.Generic fuel kiln.SLU,PJ,PJA,PRE,ICMPRC,ANNUAL,"0,00"
ICMPRDCC_02,,IND,.PRE.,ICM. LEILAC.02,MT,MT,PRE,ICM,ANNUAL,"1,00"
ICMWETPRD00,,IND,.PRE.,ICM.Wet Process Production.00.,MT,MTA,PRE,MCMCLK,ANNUAL,"0,00"
IGFFLATGL00,,IND,.DMD.,IGF.Glass Flat.00.,MT,MTA,DMD,IGF,ANNUAL,"0,00"
IGFFLATGL01,,IND,.DMD.,IGF.glass production.01,MT,MT,DMD,IGF,ANNUAL,"1,00"
IGFFLATOXYCC01,,IND,.DMD.,IGF.glass production.03,MT,MT,DMD,IGF,ANNUAL,"1,00"
IGHHOLLOW00,,IND,.DMD.,IGH.Glass Hollow.00.,MT,MTA,DMD,IGH,ANNUAL,"0,00"
IGHHOLLOW01,,IND,.DMD.,IGH.glass production.01,MT,MT,DMD,IGH,ANNUAL,"1,00"
IGHHOLLOWOXYCC01,,IND,.DMD.,IGH.glass production.03,MT,MT,DMD,IGH,ANNUAL,"1,00"
IGHOTOCC01,,IND,.DMD.,IGO.fiberglassproduction.03,MT,MT,DMD,IGO,ANNUAL,"1,00"
IGHOTSTD01,,IND,.DMD.,IGO.fiberglassproduction.01,MT,MT,DMD,IGO,ANNUAL,"1,00"
IGHRECYCL00,,IND,.DMD.,IGO.Glass Recycling.00.,MT,MTA,DMD,IGO,ANNUAL,"0,00"
IISBLAFURTGR,,IND,.PRE.,IIS.Iron Oxygen Blast Furnace Top GMX Recirculation.10.,MT,MT,PRE,MISRIR,ANNUAL,"1,00"
IISBOXSCR01,,IND,.PRE.,IIS.Blast Oxygen Furnace BOF.Scrap.01,MT,MT,PRE,MISCST,ANNUAL,"1,00"
IISDRIEAF01,,IND,.PRE.,IIS.Electric Arc Furnace for DRI.01,MT,MT,PRE,MISCST,ANNUAL,"1,00"
IISDRISPN01,,IND,.PRE.,IIS.Iron Sponge Iron for DRI.01,MT,MT,PRE,MISDIR,ANNUAL,"1,00"
IISELAFUR00,,IND,.PRE.,IIS.Electric Arc Furnace.00.,MT,MTA,PRE,MISCST,ANNUAL,"0,00"
IISELAFUR01,,IND,.PRE.,IIS.Electric Arc Furnace.01,MT,MT,PRE,MISCST,ANNUAL,"1,00"
IISFINPRO00,,IND,.DMD.,IIS.Finishing Processes.00.,MT,MTA,DMD,IIS,ANNUAL,"0,00"
IISFINPRO02,,IND,.DMD.,IISFINPRO02,MT,MT,DMD,IIS,ANNUAL,"1,00"
IISPELLET01,,IND,.PRE.,IIS.Pellet Production.01,MT,MT,PRE,MISPLT,ANNUAL,"1,00"
IISSINTER01,,IND,.PRE.,IIS.Sinter Production.01,MT,MT,PRE,MISSNT,ANNUAL,"1,00"
IISSTMGAS00,,IND,.PRE.,IIS.Generic Boiler.GAS,PJ,GW,PRE,IISHTH,ANNUAL,"0,00"
IISSTMGMX01,,IND,.PRE.,IIS. Iron and Steel.Heat.GMX.01,PJ,GW,PRE,IISHTH,ANNUAL,"1,00"
ILMPRCCOA00,,IND,.PRE.,ILM.Generic fuel kiln.COA,PJ,PJA,PRE,ILMPRC,ANNUAL,"0,00"
ILMPRCCOK00,,IND,.PRE.,ILM.Generic fuel kiln.COK,PJ,PJA,PRE,ILMPRC,ANNUAL,"0,00"
ILMPRCCOL00,,IND,.PRE.,ILM.Generic fuel kiln.COL,PJ,PJA,PRE,ILMPRC,ANNUAL,"0,00"
ILMPRCGAS00,,IND,.PRE.,ILM.Generic fuel kiln.GAS,PJ,PJA,PRE,ILMPRC,ANNUAL,"0,00"
ILMPRCLFO00,,IND,.PRE.,ILM.Generic fuel kiln.LFO,PJ,PJA,PRE,ILMPRC,ANNUAL,"0,00"
ILMPRCLPG00,,IND,.PRE.,ILM.Generic fuel kiln.LPG,PJ,PJA,PRE,ILMPRC,ANNUAL,"0,00"
ILMPRCSLU00,,IND,.PRE.,ILM.Generic fuel kiln.SLU,PJ,PJA,PRE,ILMPRC,ANNUAL,"0,00"
ILMQLMPRCC02,,IND,.DMD.,ILM.Quick Lime Production.02.improv,MT,MT,DMD,ILM,ANNUAL,"1,00"
ILMQLMPRO00,,IND,.DMD.,ILM.Quick Lime Production.00.,MT,MTA,DMD,ILM,ANNUAL,"0,00"
ILMQLMPRO01,,IND,.DMD.,ILM.Quick Lime Production.11,MT,MT,DMD,ILM,ANNUAL,"1,00"
IMLEVA00,,IND,.DMD.,IML.Evaporation and Powder.00,PJ,PJA,DMD,IML,ANNUAL,"0,00"
IMLEVA03,,IND,.DMD.,IML.evaporation.milk.03,MT,MT,DMD,IML,ANNUAL,"1,00"
IMLHTHSTMCPS01,,IND,.PRE.,IML.Preparation.of.milk.Process Heat.CPS.01,PJ,GW,PRE,IMLHTH,ANNUAL,"1,00"
IMLSTMGAS00,,IND,.PRE.,IML.Generic Boiler.GAS,PJ,PJA,PRE,IMLHTH,ANNUAL,"0,00"
IMLSTMOIL00,,IND,.PRE.,IML.Generic Boiler.OIL,PJ,PJA,PRE,IMLHTH,ANNUAL,"0,00"
IMPBIOCPS,,SUP,.IMP.IRE.,Import Wood Chips,PJ,-,IRE,BIOCPS,ANNUAL,"0,00"
IMPBIODST,,SUP,.IMP.IRE.,Import biodiesel,PJ,-,IRE,BIODST,ANNUAL,"0,00"
IMPBIOEFF,,SUP,.IMP.IRE.,Import Effluents,MT,-,IRE,BIOEFF,ANNUAL,"0,00"
IMPBIOETH,,SUP,.IMP.IRE.,Import ethanol,PJ,-,IRE,BIOETH,ANNUAL,"0,00"
IMPBIOLOG,,SUP,.IMP.IRE.,Import Wood Logs,PJ,-,IRE,BIOLOG,ANNUAL,"0,00"
IMPBIORME,,SUP,.IMP.IRE.,Import biodiesel RME,PJ,-,IRE,BIORME,ANNUAL,"0,00"
IMPCOACOK,,SUP,.IMP.IRE.,Import Coke,PJ,-,IRE,COACOK,ANNUAL,"0,00"
IMPCOAHAR,,SUP,.IMP.IRE.,Import Hard Coal,PJ,-,IRE,COAHAR,ANNUAL,"0,00"
IMPCOALIG,,SUP,.IMP.IRE.,Import Lignite,PJ,-,IRE,COALIG,ANNUAL,"0,00"
IMPELCHIG,,ELC,.IMP.IRE.,Electricity import (ALL),PJ,-,IRE,ELCHIG,DAYNITE,"0,00"
IMPGASNAT,,SUP,.IMP.IRE.,Import Natural Gas,PJ,-,IRE,GASNAT,ANNUAL,"0,00"
IMPH2,,IMP,.IMP.IRE.,Import H2,PJ,GW,IRE,SUPIMPH2,DAYNITE,"1,00"
IMPNUCRSV,,SUP,.IMP.IRE.,Import Uranium,PJ,-,IRE,NUCRSV,ANNUAL,"0,00"
IMPOILDST,,SUP,.IMP.IRE.,Import Diesel,PJ,-,IRE,OILDST,ANNUAL,"0,00"
IMPOILGSL,,SUP,.IMP.IRE.,Import Motor Spirit,PJ,-,IRE,OILGSL,ANNUAL,"0,00"
IMPOILHFO,,SUP,.IMP.IRE.,Import Residual Fuel Oil,PJ,-,IRE,OILHFO,ANNUAL,"0,00"
IMPOILKER,,SUP,.IMP.IRE.,Import Kerosenes - Jet Fuels,PJ,-,IRE,OILKER,ANNUAL,"0,00"
IMPOILLPG,,SUP,.IMP.IRE.,Import Liquified Petroleum Gas,PJ,-,IRE,OILLPG,ANNUAL,"0,00"
IMPOILOTH,,SUP,.IMP.IRE.,Import Other Petroleum Products,PJ,-,IRE,OILOTH,ANNUAL,"0,00"
INDBGS00,,IND,.PRE.,Fuel Tech - Biogas (IND),PJ,PJA,PRE,INDBGS,ANNUAL,"0,00"
INDBIO00,,IND,.PRE.,Fuel Tech - Biofuel (IND),PJ,PJA,PRE,INDBIO,ANNUAL,"0,00"
INDCOA00,,IND,.PRE.,Fuel Tech - Hard Coal (IND),PJ,PJA,PRE,INDCOA,ANNUAL,"0,00"
INDCOK00,,IND,.PRE.,Fuel Tech - Coke (IND),PJ,PJA,PRE,INDCOK,ANNUAL,"0,00"
INDCOL00,,IND,.PRE.,Fuel Tech - Lignite (IND),PJ,PJA,PRE,INDCOL,ANNUAL,"0,00"
INDCPS00,,IND,.PRE.,Fuel Tech - Wood CHIPS (IND),PJ,PJA,PRE,INDCPS,ANNUAL,"0,00"
INDELC00,,IND,.PRE.,Fuel Tech - Electricity (IND),PJ,GW,PRE,INDELC,DAYNITE,"0,00"
INDGAS00,,IND,.PRE.,Fuel Tech - Natural Gas transport (IND),PJ,PJA,PRE,INDGAS,ANNUAL,"0,00"
INDGASCOG01,,IND,.PRE.,Fuel Tech New - Gas and Cog industry (IND),PJ,PJA,PRE,INDGASCOG,ANNUAL,"1,00"
INDGEO00,,IND,.PRE.,Fuel Tech - Solar (IND),PJ,PJA,PRE,INDGEO,ANNUAL,"0,00"
INDGH2C01,,SUP,.PRE.,Fuel Tech - H2 Delivery from centralized production (COMP+TR+DP - Industrial),PJ,PJ-A,PRE,INDHH2,DAYNITE,
INDGH2C01_i,,SUP,.PRE.,INDGH2C01_i,PJ,PJ-A,PRE,INDHH2,DAYNITE,
INDGMX00,,IND,.PRE.,Fuel Tech - Natural Gas and biogas mixed  (IND),PJ,PJA,PRE,INDGMX,ANNUAL,"0,00"
INDHFO00,,IND,.PRE.,Fuel Tech - Heavy Fuel Oil (IND),PJ,PJA,PRE,INDHFO,ANNUAL,"0,00"
INDHTH00,,IND,.PRE.,Fuel Tech - Heat (IND),PJ,PJA,PRE,INDHET,ANNUAL,"0,00"
INDIIS01,,IND,.PRE.,Fuel Tech New - IIS GMX - Corex GMX or BFG TGR with CCS or BOF (IND),PJ,PJA,PRE,INDIIS,ANNUAL,"1,00"
INDLFO00,,IND,.PRE.,Fuel Tech - Light Fuel Oil (IND),PJ,PJA,PRE,INDLFO,ANNUAL,"0,00"
INDLPG00,,IND,.PRE.,Fuel Tech - Liquified Petroleum Gas (IND),PJ,PJA,PRE,INDLPG,ANNUAL,"0,00"
INDPVELC,,IND,.ELE.,PV industrial,PJ,GW,ELE,INDPVELC_NRGO,DAYNITE,"0,00"
INDSLU00,,IND,.PRE.,Fuel Tech - Waste Renewable (IND),PJ,PJA,PRE,INDSLU,ANNUAL,"0,00"
INDSOL00,,IND,.PRE.,Fuel Tech - Solar (IND),PJ,PJA,PRE,INDSOL,ANNUAL,"0,00"
INDWOO00,,IND,.PRE.,Fuel Tech - Wood material (IND),MT,MTA,PRE,MBRWOO,ANNUAL,"0,00"
INDWST00,,IND,.PRE.,Fuel Tech - Waste Non-Renewable (IND),PJ,PJA,PRE,INDWST,ANNUAL,"0,00"
INFDEMAND00,,IND,.DMD.,INF.Other Non Ferrous Metals.00.,PJ,PJA,DMD,INF,ANNUAL,"0,00"
INFELEELC00,,IND,.PRE.,INF.Other Non Ferrous Metals.Electro-Chemical Processes.ELC.00,PJ,PJA,PRE,INFELE,ANNUAL,"0,00"
INFELEELC01,,IND,.PRE.,INFELEELC01,PJ,PJA,PRE,INFELE,ANNUAL,"0,00"
INFMCHELC00,,IND,.PRE.,INF.Other Non Ferrous Metals.Machine Drive.ELC.00,PJ,PJA,PRE,INFMCH,ANNUAL,"0,00"
INFMCHELC01,,IND,.PRE.,INFMCHELC01,PJ,PJA,PRE,INFMCH,ANNUAL,"1,00"
INFPRCCOA01,,IND,.PRE.,INFPRCCOA01,PJ,GW,PRE,INFPRC,ANNUAL,"1,00"
INFPRCGMX00,,IND,.PRE.,INF.Other Non Ferrous Metals.Process Heat.GAS.00,PJ,PJA,PRE,INFPRC,ANNUAL,"0,00"
INFSTMCOL01,,IND,.PRE.,INFSTMCOL01,PJ,GW,PRE,INFHTH,ANNUAL,"1,00"
INFSTMGMX00,,IND,.PRE.,INF.Other Non Ferrous Metals.Steam.GAS.00,PJ,GW,PRE,INFHTH,ANNUAL,"0,00"
INFSTMLFO00,,IND,.PRE.,INF.Other Non Ferrous Metals.Steam.LFO.00,PJ,GW,PRE,INFHTH,ANNUAL,"0,00"
INFSTMLPG00,,IND,.PRE.,INF.Other Non Ferrous Metals.Steam.LPG.00,PJ,GW,PRE,INFHTH,ANNUAL,"0,00"
INMDEMAND00,,IND,.DMD.,INM.Other Non Metallic Minerals.00.,PJ,PJA,DMD,INM,ANNUAL,"0,00"
INMELEELC00,,IND,.PRE.,INM.Other Non Metallic Minerals.Electro-Chemical Processes.ELC.00,PJ,PJA,PRE,INMELE,ANNUAL,"0,00"
INMELEELC01,,IND,.PRE.,INMELEELC01,PJ,PJA,PRE,INMELE,ANNUAL,"1,00"
INMMCHELC00,,IND,.PRE.,INM.Other Non Metallic Minerals.Machine Drive.ELC.00,PJ,PJA,PRE,INMMCH,ANNUAL,"0,00"
INMMCHELC01,,IND,.PRE.,INMMCHELC01,PJ,PJA,PRE,INMMCH,ANNUAL,"1,00"
INMPRCCOA01,,IND,.PRE.,INMPRCCOA01,PJ,GW,PRE,INMPRC,ANNUAL,"1,00"
INMPRCCOK01,,IND,.PRE.,INMPRCCOK01,PJ,GW,PRE,INMPRC,ANNUAL,"1,00"
INMPRCGMX00,,IND,.PRE.,INM.Other Non Metallic Minerals.Process Heat.GAS.00,PJ,PJA,PRE,INMPRC,ANNUAL,"0,00"
INMPRCLFO00,,IND,.PRE.,INM.Other Non Metallic Minerals.Process Heat.LFO.00,PJ,PJA,PRE,INMPRC,ANNUAL,"0,00"
INMSTMBGS01,,IND,.PRE.,INMSTMBGS01,PJ,GW,PRE,INMHTH,ANNUAL,"1,00"
INMSTMCOL00,,IND,.PRE.,INM.Other Non Metallic Minerals.Steam.COL.00,PJ,GW,PRE,INMHTH,ANNUAL,"0,00"
INMSTMCOL01,,IND,.PRE.,INMSTMCOL01,PJ,GW,PRE,INMHTH,ANNUAL,"1,00"
INMSTMCPS01,,IND,.PRE.,INMSTMCPS01,PJ,GW,PRE,INMHTH,ANNUAL,"1,00"
INMSTMGMX00,,IND,.PRE.,INM.Other Non Metallic Minerals.Steam.GAS.00,PJ,GW,PRE,INMHTH,ANNUAL,"0,00"
INMSTMHFO00,,IND,.PRE.,INM.Other Non Metallic Minerals.Steam.HFO.00,PJ,GW,PRE,INMHTH,ANNUAL,"0,00"
INMSTMLFO00,,IND,.PRE.,INM.Other Non Metallic Minerals.Steam.LFO.00,PJ,GW,PRE,INMHTH,ANNUAL,"0,00"
INMSTMLPG00,,IND,.PRE.,INM.Other Non Metallic Minerals.Steam.LPG.00,PJ,GW,PRE,INMHTH,ANNUAL,"0,00"
IOFDEMAND00,,IND,.DMD.,IOF.Other FOOD.00,PJ,PJA,DMD,IOF,ANNUAL,"0,00"
IOFELEELC00,,IND,.PRE.,IOF.Other Food.Electro Processes.ELC.00,PJ,PJA,PRE,IOFELE,ANNUAL,"0,00"
IOFELEELC01,,IND,.PRE.,IOFELEELC01,PJ,PJA,PRE,IOFELE,ANNUAL,"1,00"
IOFFROELC00,,IND,.PRE.,IOF.cold.ELC.00,PJ,PJA,PRE,IOFFRO,ANNUAL,"0,00"
IOFFROELC01,,IND,.PRE.,IOFFROELC01,PJ,GW,PRE,IOFFRO,ANNUAL,"1,00"
IOFMCHELC00,,IND,.PRE.,IOF.Other Food.Machine Drive.ELC.00,PJ,PJA,PRE,IOFMCH,ANNUAL,"0,00"
IOFMCHELC01,,IND,.PRE.,IOFMCHELC01,PJ,PJA,PRE,IOFMCH,ANNUAL,"1,00"
IOFOTH-NRG,,IND,.PRE.,IOF: Other energy uses,PJ,PJA,PRE,IOFOTH,ANNUAL,"0,00"
IOFPACELC01,,IND,.PRE.,IOFPACELC01,PJ,GW,PRE,IOFHTH,ANNUAL,"1,00"
IOFPRCBGS00,,IND,.PRE.,IOF.Other Food.Process Heat.BGS.00,PJ,PJA,PRE,IOFPRC,ANNUAL,"0,00"
IOFPRCCPS00,,IND,.PRE.,IOF.Other Food.Process Heat.CPS.00,PJ,PJA,PRE,IOFPRC,ANNUAL,"0,00"
IOFPRCELC01,,IND,.PRE.,IOFPRCELC01,PJ,GW,PRE,IOFPRC,ANNUAL,"1,00"
IOFPRCGAS00,,IND,.PRE.,IOF.Other Food.Process Heat.GAS.01,PJ,PJA,PRE,IOFPRC,ANNUAL,"0,00"
IOFPRCGMX00,,IND,.PRE.,IOF.Other Food.Process Heat.GAS.00,PJ,PJA,PRE,IOFPRC,ANNUAL,"0,00"
IOFPRCGMX01,,IND,.PRE.,IOFPRCGMX01,PJ,GW,PRE,IOFPRC,ANNUAL,"1,00"
IOFPRCHH202,,IND,.PRE.,IOFPRCHH202,PJ,GW,PRE,IOFPRC,ANNUAL,"1,00"
IOFPRCLFO00,,IND,.PRE.,IOF.Other Food.Process Heat.LFO.00,PJ,PJA,PRE,IOFPRC,ANNUAL,"0,00"
IOFSTMBGS00,,IND,.PRE.,IOF.Other Food.Steam.BGS.00,PJ,GW,PRE,IOFHTH,ANNUAL,"0,00"
IOFSTMBGS01,,IND,.PRE.,IOFSTMBGS01,PJ,GW,PRE,IOFHTH,ANNUAL,"1,00"
IOFSTMCPS00,,IND,.PRE.,IOF.Other Food.Steam.CPS.00,PJ,GW,PRE,IOFHTH,ANNUAL,"0,00"
IOFSTMCPS01,,IND,.PRE.,IOFSTMCPS01,PJ,GW,PRE,IOFHTH,ANNUAL,"1,00"
IOFSTMELC01,,IND,.PRE.,IOFSTMELC01,PJ,GW,PRE,IOFHTH,ANNUAL,"1,00"
IOFSTMGAS00,,IND,.PRE.,IOF.Other Food.Steam.GAS.01,PJ,GW,PRE,IOFHTH,ANNUAL,"0,00"
IOFSTMGMX00,,IND,.PRE.,IOF.Other Food.Steam.GAS.00,PJ,GW,PRE,IOFHTH,ANNUAL,"0,00"
IOFSTMHET00,,IND,.PRE.,IOF.Other Food.Steam.HTH.00,PJ,GW,PRE,IOFHTH,ANNUAL,"0,00"
IOFSTMHET01,,IND,.PRE.,IOFSTMHET01,PJ,GW,PRE,IOFHTH,ANNUAL,"1,00"
IOFSTMLFO00,,IND,.PRE.,IOF.Other Food.Steam.LFO.00,PJ,GW,PRE,IOFHTH,ANNUAL,"0,00"
IOFSTMLPG00,,IND,.PRE.,IOF.Other Food.Steam.LPG.00,PJ,GW,PRE,IOFHTH,ANNUAL,"0,00"
IOIDEMAND00,,IND,.DMD.,IOI.Other Industries.00.,PJ,PJA,DMD,IOI,ANNUAL,"0,00"
IOIELEELC00,,IND,.PRE.,IOI.Other Industries.Electro-Chemical Processes.ELC.00,PJ,PJA,PRE,IOIELE,ANNUAL,"0,00"
IOIELEELC01,,IND,.PRE.,IOIELEELC01,PJ,PJA,PRE,IOIELE,ANNUAL,"1,00"
IOIMCHELC00,,IND,.PRE.,IOI.Other Industries.Machine Drive.ELC.00,PJ,PJA,PRE,IOIMCH,ANNUAL,"0,00"
IOIMCHELC01,,IND,.PRE.,IOI. Other Industries.Machine Drive.ELC.01,PJ,PJA,PRE,IOIMCH,ANNUAL,"1,00"
IOIOTH-NRG,,IND,.PRE.,IOI: Other energy uses,PJ,PJA,PRE,IOIOTH,ANNUAL,"0,00"
IOIPACELC01,,IND,.PRE.,IOIPACELC01,PJ,GW,PRE,IOIHTH,ANNUAL,"1,00"
IOIPRCELC01,,IND,.PRE.,IOIPRCELC01,PJ,GW,PRE,IOIPRC,ANNUAL,"1,00"
IOIPRCGAS00,,IND,.PRE.,IOI.Other Industries.Process Heat.GAS.01,PJ,PJA,PRE,IOIPRC,ANNUAL,"0,00"
IOIPRCGMX00,,IND,.PRE.,IOI.Other Industries.Process Heat.GAS.00,PJ,PJA,PRE,IOIPRC,ANNUAL,"0,00"
IOIPRCGMX01,,IND,.PRE.,IOIPRCGMX01,PJ,GW,PRE,IOIPRC,ANNUAL,"1,00"
IOIPRCHH202,,IND,.PRE.,IOIPRCHH202,PJ,GW,PRE,IOIPRC,ANNUAL,"1,00"
IOIPRCLFO00,,IND,.PRE.,IOI.Other Industries.Process Heat.LFO.00,PJ,PJA,PRE,IOIPRC,ANNUAL,"0,00"
IOISTMBGS01,,IND,.PRE.,IOISTMBGS01,PJ,GW,PRE,IOIHTH,ANNUAL,"1,00"
IOISTMCOK00,,IND,.PRE.,IOI.Other Industries.Steam.COK.00,PJ,GW,PRE,IOIHTH,ANNUAL,"0,00"
IOISTMCPS00,,IND,.PRE.,IOI.Other Industries.Steam.CPS.00,PJ,GW,PRE,IOIHTH,ANNUAL,"0,00"
IOISTMCPS01,,IND,.PRE.,IOISTMCPS01,PJ,GW,PRE,IOIHTH,ANNUAL,"1,00"
IOISTMELC01,,IND,.PRE.,IOISTMELC01,PJ,GW,PRE,IOIHTH,ANNUAL,"1,00"
IOISTMGAS00,,IND,.PRE.,IOI.Other Industries.Steam.GAS.00,PJ,GW,PRE,IOIHTH,ANNUAL,"0,00"
IOISTMGMX00,,IND,.PRE.,IOI.Other Industries.Steam.GAS.01,PJ,GW,PRE,IOIHTH,ANNUAL,"0,00"
IOISTMHET01,,IND,.PRE.,IOISTMHET01,PJ,GW,PRE,IOIHTH,ANNUAL,"1,00"
IOISTMHFO00,,IND,.PRE.,IOI.Other Industries.Steam.HFO.00,PJ,GW,PRE,IOIHTH,ANNUAL,"0,00"
IOISTMLFO00,,IND,.PRE.,IOI.Other Industries.Steam.LFO.00,PJ,GW,PRE,IOIHTH,ANNUAL,"0,00"
IOISTMLPG00,,IND,.PRE.,IOI.Other Industries.Steam.LPG.00,PJ,GW,PRE,IOIHTH,ANNUAL,"0,00"
IPOHTHSTMBGS01,,IND,.PRE.,IPO.Preparation.of.potatoes.Process Heat.BGS.03,PJ,GW,PRE,IPOHTH,ANNUAL,"1,00"
IPOHTHSTMCPS01,,IND,.PRE.,IPO.Preparation.of.potatoes.Process Heat.CPS.04,PJ,GW,PRE,IPOHTH,ANNUAL,"1,00"
IPOPREPA00,,IND,.DMD.,IPO.Preparation.of.potatoes.00,PJ,PJA,DMD,IPO,ANNUAL,"0,00"
IPOPREPA03,,IND,.DMD.,IPO.Preparation.of.potatoes.03,MT,MT,DMD,IPO,ANNUAL,"1,00"
IPOPREPA04,,IND,.DMD.,IPO.Preparation.of.potatoes.04,MT,MT,DMD,IPO,ANNUAL,"1,00"
IPOSTMGAS00,,IND,.PRE.,IPO.Generic Boiler.GAS,PJ,PJA,PRE,IPOHTH,ANNUAL,"0,00"
IPOSTMOIL00,,IND,.PRE.,IPO.Generic Boiler.OIL,PJ,PJA,PRE,IPOHTH,ANNUAL,"0,00"
IPPHIGQUA00,,IND,.DMD.,IPP.High Quality Paper Production.00.,MT,MTA,DMD,IPP,ANNUAL,"0,00"
IPPHIGQUA05,,IND,.DMD.,IPP.High Quality Paper Production Adv Drives.05.,MT,MT,DMD,IPP,ANNUAL,"1,00"
IPPHIGQUA55,,IND,.DMD.,IPP.High Quality Paper Production Adv Drives.05. - electricity,MT,MT,DMD,IPP,ANNUAL,"1,00"
IPPPACELC01,,IND,.PRE.,IPP. Pulp and Paper.Heat.pac.01,PJ,GW,PRE,IPPHTH,ANNUAL,"1,00"
IPPPRCBIO01,,IND,.PRE.,IPP. Pulp and Paper.Process Heat.BIO.01,PJ,GW,PRE,IPPPRC,ANNUAL,"1,00"
IPPPRCCOA01,,IND,.PRE.,IPP. Pulp and Paper.Process Heat.COA.01,PJ,GW,PRE,IPPPRC,ANNUAL,"1,00"
IPPPRCGAS00,,IND,.PRE.,IPP.Generic fuel kiln.GAS,PJ,PJA,PRE,IPPPRC,ANNUAL,"0,00"
IPPPRCGMX01,,IND,.PRE.,IPP. Pulp and Paper.Process Heat.GMX.01,PJ,GW,PRE,IPPPRC,ANNUAL,"1,00"
IPPPRCHFO00,,IND,.PRE.,IPP.Generic fuel kiln.HFO,PJ,PJA,PRE,IPPPRC,ANNUAL,"0,00"
IPPPRCLFO00,,IND,.PRE.,IPP.Generic fuel kiln.LFO,PJ,PJA,PRE,IPPPRC,ANNUAL,"0,00"
IPPPRCLPG00,,IND,.PRE.,IPP.Generic fuel kiln.LPG,PJ,PJA,PRE,IPPPRC,ANNUAL,"0,00"
IPPPUPCHE00,,IND,.PRE.,IPP.Chemical Pulp Production.00.,MT,MTA,PRE,MPPPUP,ANNUAL,"0,00"
IPPPUPCHE01,,IND,.PRE.,IPP.Chemical Pulp Production.01,MT,MT,PRE,MPPPUP,ANNUAL,"1,00"
IPPPUPIMP00,,IND,.IMP.IRE.,IPP.Pulp Import.00.,MT,MTA,IRE,MPPPUP,ANNUAL,"0,00"
IPPSTMGMX01,,IND,.PRE.,IPP. Pulp and Paper.Heat.GMX.01,PJ,GW,PRE,IPPHTH,ANNUAL,"1,00"
IPPSTMHH201,,IND,.PRE.,IPP. Pulp and Paper.Heat.BLQ.01,PJ,GW,PRE,IPPHTH,ANNUAL,"1,00"
ISGHTHSTMGMX01,,IND,.PRE.,ISG.Preparation.of.sugar.Process Heat.GMX.01,PJ,GW,PRE,ISGHTH,ANNUAL,"1,00"
ISGPREPA00,,IND,.PRE.,ISG.Beet.Preparation.00,PJ,PJA,PRE,MISGJU,ANNUAL,"0,00"
ISGPREPA01,,IND,.PRE.,ISG.Beet.Preparation.sugar.01,MT,MT,PRE,MISGJU,ANNUAL,"1,00"
ISGPROD00,,IND,.DMD.,ISG.Production.00,PJ,PJA,DMD,ISG,ANNUAL,"0,00"
ISGPROD01,,IND,.DMD.,ISG.Production sugar.01,MT,MT,DMD,ISG,ANNUAL,"1,00"
ISGSTMGAS00,,IND,.PRE.,ISG.Generic Boiler.GAS,PJ,PJA,PRE,ISGHTH,ANNUAL,"0,00"
ISGSTMOIL00,,IND,.PRE.,ISG.Generic Boiler.OIL,PJ,PJA,PRE,ISGHTH,ANNUAL,"0,00"
ISGSTMSOLID00,,IND,.PRE.,ISG.Generic Boiler.Solids.00,PJ,PJA,PRE,ISGHTH,ANNUAL,"0,00"
MINBIOBOU,,SUP,.MIN.IRE.,Boues production,MT,-,IRE,BIOBOU,ANNUAL,"0,00"
MINBIOCPS,,SUP,.MIN.IRE.,Wood Chips production,PJ,-,IRE,BIOCPS,ANNUAL,"0,00"
MINBIOCRP11,,SUP,.MIN.IRE.,Starch crop production 1,PJ,-,IRE,BIOCRP1,ANNUAL,"0,00"
MINBIOCUL,,SUP,.MIN.IRE.,Culture pour biometh Production,MT,-,IRE,BIOCUL,ANNUAL,"0,00"
MINBIOEFF,,SUP,.MIN.IRE.,Effluents production,MT,-,IRE,BIOEFF,ANNUAL,"0,00"
MINBIOGAS,,SUP,.MIN.IRE.,Ressources biogas industriel/biométh déjà en place,PJ,-,IRE,BIOGAS,ANNUAL,"0,00"
MINBIOGZH,,SUP,.MIN.IRE.,Biogas injected,PJ,-,IRE,BIOGZH,ANNUAL,"0,00"
MINBIOLOG,,SUP,.MIN.IRE.,Wood Logs production,PJ,-,IRE,BIOLOG,ANNUAL,"0,00"
MINBIORPS1,,SUP,.MIN.IRE.,Rape seed production 1,PJ,-,IRE,BIORPS,ANNUAL,"0,00"
MINBIOSLU,,SUP,.MIN.IRE.,Sludge Production,PJ,-,IRE,BIOSLU,ANNUAL,"0,00"
MINBIOSLUH,,SUP,.MIN.IRE.,Sludge Production (methanation),MT,-,IRE,BIOSLUH,ANNUAL,"0,00"
MINCETGAS,,SUP,.MIN.IRE.,Biogas CET Production,PJ,-,IRE,BIOGAS,ANNUAL,"0,00"
MINMBOWOO1,,SUP,.MIN.IRE.,Source wood industry : foret,T,-,IRE,MBOWOO,ANNUAL,"0,00"
MINMCOWIM1,,SUP,.MIN.IRE.,Source lait,T,-,IRE,MCOWIM,ANNUAL,"0,00"
MINMCUPDT,,SUP,.MIN.IRE.,Source : pdt,T,-,IRE,MCUPDT,ANNUAL,"0,00"
MINMGHRYC1,,SUP,.MIN.IRE.,Source Glass: Recycled,T,-,IRE,MGHRYC,ANNUAL,"0,00"
MINMISGBE1,,SUP,.MIN.IRE.,Source betterave,T,-,IRE,MISGBE,ANNUAL,"0,00"
MINMISORE1,,SUP,.MIN.IRE.,Source Iron&Steel: Ore,T,-,IRE,MISORE,ANNUAL,"0,00"
MINMISOXY1,,SUP,.MIN.IRE.,Source Iron&Steel: Oxygen,T,-,IRE,MISOXY,ANNUAL,"0,00"
MINMISQLI1,,SUP,.MIN.IRE.,Source Iron&Steel: Quick Lime,T,-,IRE,MISQLI,ANNUAL,"0,00"
MINMISSCR1,,SUP,.MIN.IRE.,Source Iron&Steel: Scrap Iron,T,-,IRE,MISSCR,ANNUAL,"0,00"
MINMLMSTN1,,SUP,.MIN.IRE.,Source Lime: Limestone,T,-,IRE,MLMSTN,ANNUAL,"0,00"
MINMPPNOH1,,SUP,.MIN.IRE.,Source Paper: Sodium Hydraxide,T,-,IRE,MPPNOH,ANNUAL,"0,00"
MINMPPOXY1,,SUP,.MIN.IRE.,Source Paper: Oxygen,T,-,IRE,MPPOXY,ANNUAL,"0,00"
MINMPPWOO1,,SUP,.MIN.IRE.,Source Paper: Wood,T,-,IRE,MPPWOO,ANNUAL,"0,00"
MINNREWST,,SUP,.MIN.IRE.,Waste Non-Renewable Production,PJ,-,IRE,NREWST,ANNUAL,"0,00"
MINRENGEO,,SUP,.MIN.IRE.,Geothermal Potential,PJ,-,IRE,RENGEO,ANNUAL,"0,00"
MINRENHYD,,SUP,.MIN.IRE.,Hydro Potential,PJ,-,IRE,RENHYD,ANNUAL,"0,00"
MINRENSOL,,SUP,.MIN.IRE.,Solar Potential,PJ,-,IRE,RENSOL,ANNUAL,"0,00"
MINRENWIN,,SUP,.MIN.IRE.,Wind Potential,PJ,-,IRE,RENWIN,ANNUAL,"0,00"
NECDEMAND00,,IND,.DMD.,NEC.Non Energy Consumption.Chemicals.00.,PJ,PJA,DMD,NEC,ANNUAL,"0,00"
NEODEMAND00,,IND,.DMD.,NEO.Non Energy Consumption.Others.00.,PJ,PJA,DMD,NEO,ANNUAL,"0,00"
RCDRELC100,,RSD,.DMD.,Rsd.Cloth Drying.ELC.00.Cloth Dryer.,PJ,PJA,DMD,RCDR,ANNUAL,"0,00"
RCDRELC201,,RSD,.DMD.,Cloth drying medium efficiency,PJ,PJA,DMD,RCDR,ANNUAL,"0,00"
RCOKCOA100,,RSD,.DMD.,Rsd.Cooking.COA.00.Stove.,PJ,PJA,DMD,RCOK,ANNUAL,"0,00"
RCOKELC100,,RSD,.DMD.,Rsd.Cooking.ELC.00.Stove.,PJ,PJA,DMD,RCOK,ANNUAL,"0,00"
RCOKELC101,,RSD,.DMD.,cooking electric stove,PJ,PJA,DMD,RCOK,ANNUAL,"0,00"
RCOKGAS101,,RSD,.DMD.,cooking gas stove,PJ,PJA,DMD,RCOK,ANNUAL,"0,00"
RCOKGMX100,,RSD,.DMD.,Rsd.Cooking.GAS.00.Stove.,PJ,PJA,DMD,RCOK,ANNUAL,"0,00"
RCOKLOG100,,RSD,.DMD.,Rsd.Cooking.LOG.00.Stove.,PJ,PJA,DMD,RCOK,ANNUAL,"0,00"
RCOKLPG100,,RSD,.DMD.,Rsd.Cooking.LPG.00.Stove.,PJ,PJA,DMD,RCOK,ANNUAL,"0,00"
RCWAELC100,,RSD,.DMD.,Rsd.Cloth Washing.ELC.00.Cloth Washer.,PJ,PJA,DMD,RCWA,ANNUAL,"0,00"
RCWAELC101,,RSD,.DMD.,Electric Washing Machine,PJ,PJA,DMD,RCWA,ANNUAL,"0,00"
RCWAELC200,,RSD,.DMD.,Rsd.Cloth Washing.ELC.00.Cloth Washer+dryer.,PJ,PJA,DMD,RCWA,ANNUAL,"0,00"
RDWAELC100,,RSD,.DMD.,Rsd.Dish Washing.ELC.00.Dish Washer.,PJ,PJA,DMD,RDWA,ANNUAL,"0,00"
RDWAELC101,,RSD,.DMD.,Dish Washer medium efficiency (D),PJ,PJA,DMD,RDWA,ANNUAL,"0,00"
RDW_R_2Fac,,RSD,.DMD.,Existing Building_2 façades,MM2,MM2-A,DMD,R_2Fac,ANNUAL,"1,00"
RDW_R_3Fac,,RSD,.DMD.,Existing Building_3 façades,MM2,MM2-A,DMD,R_3Fac,ANNUAL,"1,00"
RDW_R_4Fac,,RSD,.DMD.,Existing Building_4 façades,MM2,MM2-A,DMD,R_4Fac,ANNUAL,"1,00"
RDW_R_Appa,,RSD,.DMD.,Existing Building_Appart,MM2,MM2-A,DMD,R_Appa,ANNUAL,"1,00"
RDW_R_N2F,,RSD,.DMD.,New Residential Building 2Fac,MM2,MM2-A,DMD,R_N2Fac,ANNUAL,"1,00"
RDW_R_N3F,,RSD,.DMD.,New Residential Building 3Fac,MM2,MM2-A,DMD,R_N3Fac,ANNUAL,"1,00"
RDW_R_N4F,,RSD,.DMD.,New Residential Building 4Fac,MM2,MM2-A,DMD,R_N4Fac,ANNUAL,"1,00"
RDW_R_NAP,,RSD,.DMD.,New Residential Building App,MM2,MM2-A,DMD,R_NAppa,ANNUAL,"1,00"
RH2FCOA100,,RSD,.PRE.,Rsd.Space Heat.Dwelling.2F.COA.00.Furnace.,PJ,GW,PRE,RH2FCOA100_NRGO,ANNUAL,"0,00"
RH2FELC100,,RSD,.PRE.,Rsd.Space Heat.Dwelling.2F.ELC.00.Resistance.,PJ,GW,PRE,RH2FELC100_NRGO,ANNUAL,"0,00"
RH2FELC200,,RSD,.PRE.,Rsd.Space Heat.Dwelling.2F.ELC.00.Heat Pump.,PJ,GW,PRE,RH2FELC200_NRGO,ANNUAL,"0,00"
RH2FELCHPN2,,RSD,.PRE.,Air heat pump with electric boiler-RH2F-New2,PJ,GW,PRE,RH2F,ANNUAL,"1,00"
RH2FELCN1,,RSD,.PRE.,Electric radiators-RH2F-New1,PJ,GW,PRE,RH2F,ANNUAL,"1,00"
RH2FGEO100,,RSD,.PRE.,Rsd.Space Heat.Dwelling.2F.GEO.00.Furnace.,PJ,GW,PRE,RH2FGEO100_NRGO,ANNUAL,"0,00"
RH2FGMX100,,RSD,.PRE.,Rsd.Space Heat.Dwelling.2F.GMX.00.Furnace.,PJ,GW,PRE,RH2FGMX100_NRGO,ANNUAL,"0,00"
RH2FGMXN1,,RSD,.PRE.,Natural gas stove condensing-RH2F-New1,PJ,GW,PRE,RH2F,ANNUAL,"1,00"
RH2FHETN1,,RSD,.PRE.,District heat exchanger.HeatHotwater-RH2F-New1,PJ,GW,PRE,RH2FHETN1_NRGO,ANNUAL,"1,00"
RH2FLOG100,,RSD,.PRE.,Rsd.Space Heat.Dwelling.2F.LOG.00.Stove.,PJ,GW,PRE,RH2FLOG100_NRGO,ANNUAL,"0,00"
RH2FLPG100,,RSD,.PRE.,Rsd.Space Heat.Dwelling.2F.LPG.00.Furnace.,PJ,GW,PRE,RH2FLPG100_NRGO,ANNUAL,"0,00"
RH2FOIL100,,RSD,.PRE.,Rsd.Space Heat.Dwelling.2F.OIL.00.Furnace.,PJ,GW,PRE,RH2FOIL100_NRGO,ANNUAL,"0,00"
RH2FOILN1,,RSD,.PRE.,Oil boiler condensing-RH2F-New1,PJ,GW,PRE,RH2F,ANNUAL,"1,00"
RH2FPEL100,,RSD,.PRE.,Rsd.Space Heat.Dwelling.2F.PEL.00.Stove.,PJ,GW,PRE,RH2FPEL100_NRGO,ANNUAL,"0,00"
RH3FCOA100,,RSD,.PRE.,Rsd.Space Heat.Dwelling.3F.COA.00.Furnace.,PJ,GW,PRE,RH3FCOA100_NRGO,ANNUAL,"0,00"
RH3FELC100,,RSD,.PRE.,Rsd.Space Heat.Dwelling.3F.ELC.00.Resistance.,PJ,GW,PRE,RH3FELC100_NRGO,ANNUAL,"0,00"
RH3FELC200,,RSD,.PRE.,Rsd.Space Heat.Dwelling.3F.ELC.00.Heat Pump.,PJ,GW,PRE,RH3FELC200_NRGO,ANNUAL,"0,00"
RH3FELCHPN2,,RSD,.PRE.,Air heat pump with electric boiler-RH3F-New2,PJ,GW,PRE,RH3F,ANNUAL,"1,00"
RH3FELCN1,,RSD,.PRE.,Electric radiators-RH3F-New1,PJ,GW,PRE,RH3F,ANNUAL,"1,00"
RH3FGEO100,,RSD,.PRE.,Rsd.Space Heat.Dwelling.3F.GEO.00.Furnace.,PJ,GW,PRE,RH3FGEO100_NRGO,ANNUAL,"0,00"
RH3FGMX100,,RSD,.PRE.,Rsd.Space Heat.Dwelling.3F.GMX.00.Furnace.,PJ,GW,PRE,RH3FGMX100_NRGO,ANNUAL,"0,00"
RH3FGMXN1,,RSD,.PRE.,Natural gas stove condensing-RH3F-New1,PJ,GW,PRE,RH3F,ANNUAL,"1,00"
RH3FHETN1,,RSD,.PRE.,District heat exchanger.HeatHotwater-RH3F-New1,PJ,GW,PRE,RH3FHETN1_NRGO,ANNUAL,"1,00"
RH3FLOG100,,RSD,.PRE.,Rsd.Space Heat.Dwelling.3F.LOG.00.Stove.,PJ,GW,PRE,RH3FLOG100_NRGO,ANNUAL,"0,00"
RH3FLPG100,,RSD,.PRE.,Rsd.Space Heat.Dwelling.3F.LPG.00.Furnace.,PJ,GW,PRE,RH3FLPG100_NRGO,ANNUAL,"0,00"
RH3FOIL100,,RSD,.PRE.,Rsd.Space Heat.Dwelling.3F.OIL.00.Furnace.,PJ,GW,PRE,RH3FOIL100_NRGO,ANNUAL,"0,00"
RH3FOILN1,,RSD,.PRE.,Oil boiler condensing -RH3F-New1,PJ,GW,PRE,RH3F,ANNUAL,"1,00"
RH3FPEL100,,RSD,.PRE.,Rsd.Space Heat.Dwelling.3F.PEL.00.Stove.,PJ,GW,PRE,RH3FPEL100_NRGO,ANNUAL,"0,00"
RH4FCOA100,,RSD,.PRE.,Rsd.Space Heat.Dwelling.4F.COA.00.Furnace.,PJ,GW,PRE,RH4FCOA100_NRGO,ANNUAL,"0,00"
RH4FELC100,,RSD,.PRE.,Rsd.Space Heat.Dwelling.4F.ELC.00.Resistance.,PJ,GW,PRE,RH4FELC100_NRGO,ANNUAL,"0,00"
RH4FELC200,,RSD,.PRE.,Rsd.Space Heat.Dwelling.4F.ELC.00.Heat Pump.,PJ,GW,PRE,RH4FELC200_NRGO,ANNUAL,"0,00"
RH4FELCHPN2,,RSD,.PRE.,Air heat pump with electric boiler-RH4F-New2,PJ,GW,PRE,RH4F,ANNUAL,"1,00"
RH4FELCN1,,RSD,.PRE.,Electric radiators-RH4F-New1,PJ,GW,PRE,RH4F,ANNUAL,"1,00"
RH4FGEO100,,RSD,.PRE.,Rsd.Space Heat.Dwelling.4F.GEO.00.Furnace.,PJ,GW,PRE,RH4FGEO100_NRGO,ANNUAL,"0,00"
RH4FGMX100,,RSD,.PRE.,Rsd.Space Heat.Dwelling.4F.GMX.00.Furnace.,PJ,GW,PRE,RH4FGMX100_NRGO,ANNUAL,"0,00"
RH4FGMXN1,,RSD,.PRE.,Natural gas stove condensing-RH4F-New1,PJ,GW,PRE,RH4F,ANNUAL,"1,00"
RH4FHETN1,,RSD,.PRE.,District heat exchanger.HeatHotwater-RH4F-New1,PJ,GW,PRE,RH4FHETN1_NRGO,ANNUAL,"1,00"
RH4FLOG100,,RSD,.PRE.,Rsd.Space Heat.Dwelling.4F.LOG.00.Stove.,PJ,GW,PRE,RH4FLOG100_NRGO,ANNUAL,"0,00"
RH4FLPG100,,RSD,.PRE.,Rsd.Space Heat.Dwelling.4F.LPG.00.Furnace.,PJ,GW,PRE,RH4FLPG100_NRGO,ANNUAL,"0,00"
RH4FOIL100,,RSD,.PRE.,Rsd.Space Heat.Dwelling.4F.OIL.00.Furnace.,PJ,GW,PRE,RH4FOIL100_NRGO,ANNUAL,"0,00"
RH4FOILN1,,RSD,.PRE.,Oil boiler condensing -RH4F-New1,PJ,GW,PRE,RH4F,ANNUAL,"1,00"
RH4FPEL100,,RSD,.PRE.,Rsd.Space Heat.Dwelling.4F.PEL.00.Stove.,PJ,GW,PRE,RH4FPEL100_NRGO,ANNUAL,"0,00"
RHAPCOA100,,RSD,.PRE.,Rsd.Space Heat.Dwelling.AP.COA.00.Furnace.,PJ,GW,PRE,RHAPCOA100_NRGO,ANNUAL,"0,00"
RHAPELC100,,RSD,.PRE.,Rsd.Space Heat.Dwelling.AP.ELC.00.Resistance.,PJ,GW,PRE,RHAPELC100_NRGO,ANNUAL,"0,00"
RHAPELC200,,RSD,.PRE.,Rsd.Space Heat.Dwelling.AP.ELC.00.Heat Pump.,PJ,GW,PRE,RHAPELC200_NRGO,ANNUAL,"0,00"
RHAPELCHPN2,,RSD,.PRE.,Air heat pump with electric boiler-RHAP-New2,PJ,GW,PRE,RHAP,ANNUAL,"1,00"
RHAPELCN1,,RSD,.PRE.,Electric radiators-RHAP-New1,PJ,GW,PRE,RHAP,ANNUAL,"1,00"
RHAPGEO100,,RSD,.PRE.,Rsd.Space Heat.Dwelling.AP.GEO.00.Furnace.,PJ,GW,PRE,RHAPGEO100_NRGO,ANNUAL,"0,00"
RHAPGMX100,,RSD,.PRE.,Rsd.Space Heat.Dwelling.AP.GMX.00.Furnace.,PJ,GW,PRE,RHAPGMX100_NRGO,ANNUAL,"0,00"
RHAPGMXN2,,RSD,.PRE.,Natural gas boiler condensing-RHAP-New2,PJ,GW,PRE,RHAPGMXN2_NRGO,ANNUAL,"1,00"
RHAPHETN1,,RSD,.PRE.,District heat exchanger.HeatHotwater-RHAP-New1,PJ,GW,PRE,RHAPHETN1_NRGO,ANNUAL,"1,00"
RHAPLOG100,,RSD,.PRE.,Rsd.Space Heat.Dwelling.AP.LOG.00.Stove.,PJ,GW,PRE,RHAPLOG100_NRGO,ANNUAL,"0,00"
RHAPLPG100,,RSD,.PRE.,Rsd.Space Heat.Dwelling.AP.LPG.00.Furnace.,PJ,GW,PRE,RHAPLPG100_NRGO,ANNUAL,"0,00"
RHAPOIL100,,RSD,.PRE.,Rsd.Space Heat.Dwelling.AP.OIL.00.Furnace.,PJ,GW,PRE,RHAPOIL100_NRGO,ANNUAL,"0,00"
RHAPOILN1,,RSD,.PRE.,Oil boiler condensing -RHAP-New1,PJ,GW,PRE,RHAP,ANNUAL,"1,00"
RHAPPEL100,,RSD,.PRE.,Rsd.Space Heat.Dwelling.AP.PEL.00.Stove.,PJ,GW,PRE,RHAPPEL100_NRGO,ANNUAL,"0,00"
RHN2FELCHPN2,,RSD,.PRE.,Air heat pump with electric boiler-RHN2F-New2,PJ,GW,PRE,RHN2F,ANNUAL,"1,00"
RHN3FELCHPN2,,RSD,.PRE.,Air heat pump with electric boiler-RHN3F-New2,PJ,GW,PRE,RHN3F,ANNUAL,"1,00"
RHN4FELCHPN2,,RSD,.PRE.,Air heat pump with electric boiler-RHN4F-New2,PJ,GW,PRE,RHN4F,ANNUAL,"1,00"
RHNAPELCHPN2,,RSD,.PRE.,Air heat pump with electric boiler-RHNAP-New2,PJ,GW,PRE,RHNAP,ANNUAL,"1,00"
RLIGELC200,,RSD,.DMD.,Rsd.Lighting.ELC.00.Incandescent Improved.,PJ,PJA,DMD,RLIG,ANNUAL,"0,00"
RLIGELC300,,RSD,.DMD.,Rsd.Lighting.ELC.00.Halogen.,PJ,PJA,DMD,RLIG,ANNUAL,"0,00"
RLIGELC400,,RSD,.DMD.,Rsd.Lighting.ELC.00.Fluorescent.,PJ,PJA,DMD,RLIG,ANNUAL,"0,00"
RLIGELC401,,RSD,.DMD.,LED lighting system,PJ,PJA,DMD,RLIG,ANNUAL,"0,00"
RLIGELC500,,RSD,.DMD.,Rsd.Lighting.ELC.00.LED.,PJ,PJA,DMD,RLIG,ANNUAL,"0,00"
ROELELC100,,RSD,.DMD.,Rsd.Other Electricity.ELC.00.Other Appliances.,PJ,PJA,DMD,ROEL,ANNUAL,"0,00"
ROELELC101,,RSD,.DMD.,Other Electricity Other Appliances.,PJ,PJA,DMD,ROEL,ANNUAL,"0,00"
ROENGSL100,,RSD,.DMD.,Rsd.Other Energy.GSL.00.Other.,PJ,PJA,DMD,ROEN,ANNUAL,"0,00"
ROENGSL101,,RSD,.DMD.,Rsd.Other Energy.GSL.01.Other.,PJ,PJA,DMD,ROEN,ANNUAL,"0,00"
RREFELC100,,RSD,.DMD.,Rsd.Refrigeration.ELC.00.Refrigerator.,PJ,PJA,DMD,RREF,ANNUAL,"0,00"
RREFELC200,,RSD,.DMD.,Rsd.Refrigeration.ELC.00.Freezer.,PJ,PJA,DMD,RREF,ANNUAL,"0,00"
RREFELC300,,RSD,.DMD.,Rsd.Refrigeration.ELC.00.Refrigerator+Freezer.,PJ,PJA,DMD,RREF,ANNUAL,"0,00"
RREFELC501,,RSD,.DMD.,Refrigerator/Freezer baseline 510 lts (Ass.AB),PJ,PJA,DMD,RREF,ANNUAL,"0,00"
RSDCOA00,,RSD,.PRE.,Fuel Tech - Coal (RSD),PJ,PJA,PRE,RSDCOA,ANNUAL,"0,00"
RSDELC00,,RSD,.PRE.,Fuel Tech - Electricity (RSD),PJ,GW,PRE,RSDELC,DAYNITE,"0,00"
RSDGEO00,,RSD,.PRE.,Fuel Tech - Geothermal (RSD),PJ,PJA,PRE,RSDGEO,ANNUAL,"0,00"
RSDGMX00,,RSD,.PRE.,Fuel Tech - Natural Gas biogas mixed (RSD),PJ,PJA,PRE,RSDGMX,ANNUAL,"0,00"
RSDGSL00,,RSD,.PRE.,Fuel Tech - Gasoline (RSD),PJ,PJA,PRE,RSDGSL,ANNUAL,"0,00"
RSDHET00,,RSD,.PRE.,Fuel Tech 0 - Heat (RSD),PJ,GW,PRE,RSDHET00_NRGO,DAYNITE,"0,00"
RSDHET01,,RSD,.PRE.,Fuel Tech 1 - Heat (RSD),PJ,GW,PRE,RSDHET01_NRGO,DAYNITE,"0,00"
RSDHET02,,RSD,.PRE.,Fuel Tech 2 - Heat (RSD),PJ,GW,PRE,RSDHET02_NRGO,DAYNITE,"0,00"
RSDLOG00,,RSD,.PRE.,Fuel Tech - bûches (RSD),PJ,PJA,PRE,RSDLOG,ANNUAL,"0,00"
RSDLPG00,,RSD,.PRE.,Fuel Tech - Liquified Petroleum Gas (RSD),PJ,PJA,PRE,RSDLPG,ANNUAL,"0,00"
RSDOIL00,,RSD,.PRE.,Fuel Tech - Diesel (RSD),PJ,PJA,PRE,RSDOIL,ANNUAL,"0,00"
RSDPEL00,,RSD,.PRE.,Fuel Tech - pellets (RSD),PJ,PJA,PRE,RSDPEL,ANNUAL,"0,00"
RSDPVELC,,RSD,.ELE.,PV residential,PJ,GW,ELE,RSDPVELC_NRGO,DAYNITE,"0,00"
RSDSOL00,,RSD,.PRE.,Fuel Tech - Solar (RSD),PJ,PJA,PRE,RSDSOL,ANNUAL,"0,00"
RW2FCOA100,,RSD,.PRE.,Rsd.Water Heat.Dwelling.2F.COA.00.Furnace.,PJ,GW,PRE,RW2F,ANNUAL,"0,00"
RW2FELC100,,RSD,.PRE.,Rsd.Water Heat.Dwelling.2F.ELC.00.Water Heater.,PJ,GW,PRE,RW2F,ANNUAL,"0,00"
RW2FELC101,,RSD,.PRE.,Rsd.Water Heat.Dwelling.2F.ELC.00.Heat Pump.,PJ,GW,PRE,RW2F,ANNUAL,"0,00"
RW2FGMX100,,RSD,.PRE.,Rsd.Water Heat.Dwelling.2F.GMX.00.Furnace.,PJ,GW,PRE,RW2F,ANNUAL,"0,00"
RW2FGMXN1,,RSD,.PRE.,Natural gas boiler-RW2F-New1,PJ,GW,PRE,RW2F,ANNUAL,"1,00"
RW2FLOG100,,RSD,.PRE.,Rsd.Water Heat.Dwelling.2F.LOG.00.Stove.,PJ,GW,PRE,RW2F,ANNUAL,"0,00"
RW2FLPG100,,RSD,.PRE.,Rsd.Water Heat.Dwelling.2F.LPG.00.Furnace.,PJ,GW,PRE,RW2F,ANNUAL,"0,00"
RW2FOIL100,,RSD,.PRE.,Rsd.Water Heat.Dwelling.2F.OIL.00.Furnace.,PJ,GW,PRE,RW2F,ANNUAL,"0,00"
RW2FOILN1,,RSD,.PRE.,Oil boiler-RW2F-New1,PJ,GW,PRE,RW2F,ANNUAL,"1,00"
RW2FPEL100,,RSD,.PRE.,Rsd.Water Heat.Dwelling.2F.PEL.00.Stove.,PJ,GW,PRE,RW2F,ANNUAL,"0,00"
RW2FPELN1,,RSD,.PRE.,Wood pellets boiler water heater-RW2F-New1,PJ,GW,PRE,RW2F,ANNUAL,"1,00"
RW2FSOL100,,RSD,.PRE.,Rsd.Water Heat.Dwelling.2F.SOL.00.Furnace.,PJ,GW,PRE,RW2F,ANNUAL,"0,00"
RW3FCOA100,,RSD,.PRE.,Rsd.Water Heat.Dwelling.3F.COA.00.Furnace.,PJ,GW,PRE,RW3F,ANNUAL,"0,00"
RW3FELC100,,RSD,.PRE.,Rsd.Water Heat.Dwelling.3F.ELC.00.Water Heater.,PJ,GW,PRE,RW3F,ANNUAL,"0,00"
RW3FELC101,,RSD,.PRE.,Rsd.Water Heat.Dwelling.3F.ELC.00.Heat Pump.,PJ,GW,PRE,RW3F,ANNUAL,"0,00"
RW3FGMX100,,RSD,.PRE.,Rsd.Water Heat.Dwelling.3F.GMX.00.Furnace.,PJ,GW,PRE,RW3F,ANNUAL,"0,00"
RW3FGMXN3,,RSD,.PRE.,Natural gas boiler-RW3F-New3,PJ,GW,PRE,RW3F,ANNUAL,"1,00"
RW3FLOG100,,RSD,.PRE.,Rsd.Water Heat.Dwelling.3F.LOG.00.Stove.,PJ,GW,PRE,RW3F,ANNUAL,"0,00"
RW3FLPG100,,RSD,.PRE.,Rsd.Water Heat.Dwelling.3F.LPG.00.Furnace.,PJ,GW,PRE,RW3F,ANNUAL,"0,00"
RW3FOIL100,,RSD,.PRE.,Rsd.Water Heat.Dwelling.3F.OIL.00.Furnace.,PJ,GW,PRE,RW3F,ANNUAL,"0,00"
RW3FOILN3,,RSD,.PRE.,Oil boiler-RW3F-New3,PJ,GW,PRE,RW3F,ANNUAL,"1,00"
RW3FPEL100,,RSD,.PRE.,Rsd.Water Heat.Dwelling.3F.PEL.00.Stove.,PJ,GW,PRE,RW3F,ANNUAL,"0,00"
RW3FPELN3,,RSD,.PRE.,Wood pellets boiler water heater-RW3F-New3,PJ,GW,PRE,RW3F,ANNUAL,"1,00"
RW3FSOL100,,RSD,.PRE.,Rsd.Water Heat.Dwelling.3F.SOL.00.Furnace.,PJ,GW,PRE,RW3F,ANNUAL,"0,00"
RW4FELC100,,RSD,.PRE.,Rsd.Water Heat.Dwelling.4F.ELC.00.Water Heater.,PJ,GW,PRE,RW4F,ANNUAL,"0,00"
RW4FELC101,,RSD,.PRE.,Rsd.Water Heat.Dwelling.4F.ELC.00.Heat Pump.,PJ,GW,PRE,RW4F,ANNUAL,"0,00"
RW4FGMX100,,RSD,.PRE.,Rsd.Water Heat.Dwelling.4F.GMX.00.Furnace.,PJ,GW,PRE,RW4F,ANNUAL,"0,00"
RW4FGMXN1,,RSD,.PRE.,Natural gas boiler-RW4F-New1,PJ,GW,PRE,RW4F,ANNUAL,"1,00"
RW4FLOG100,,RSD,.PRE.,Rsd.Water Heat.Dwelling.4F.LOG.00.Stove.,PJ,GW,PRE,RW4F,ANNUAL,"0,00"
RW4FLPG100,,RSD,.PRE.,Rsd.Water Heat.Dwelling.4F.LPG.00.Furnace.,PJ,GW,PRE,RW4F,ANNUAL,"0,00"
RW4FOIL100,,RSD,.PRE.,Rsd.Water Heat.Dwelling.4F.OIL.00.Furnace.,PJ,GW,PRE,RW4F,ANNUAL,"0,00"
RW4FOILN1,,RSD,.PRE.,Oil boiler-RW4F-New1,PJ,GW,PRE,RW4F,ANNUAL,"1,00"
RW4FPEL100,,RSD,.PRE.,Rsd.Water Heat.Dwelling.4F.PEL.00.Stove.,PJ,GW,PRE,RW4F,ANNUAL,"0,00"
RW4FPELN1,,RSD,.PRE.,Wood pellets boiler water heater-RW4F-New1,PJ,GW,PRE,RW4F,ANNUAL,"1,00"
RW4FSOL100,,RSD,.PRE.,Rsd.Water Heat.Dwelling.4F.SOL.00.Furnace.,PJ,GW,PRE,RW4F,ANNUAL,"0,00"
RWAPCOA100,,RSD,.PRE.,Rsd.Water Heat.Dwelling.AP.COA.00.Furnace.,PJ,GW,PRE,RWAP,ANNUAL,"0,00"
RWAPELC100,,RSD,.PRE.,Rsd.Water Heat.Dwelling.AP.ELC.00.Water Heater.,PJ,GW,PRE,RWAP,ANNUAL,"0,00"
RWAPELC101,,RSD,.PRE.,Rsd.Water Heat.Dwelling.AP.ELC.00.Heat Pump.,PJ,GW,PRE,RWAP,ANNUAL,"0,00"
RWAPGMX100,,RSD,.PRE.,Rsd.Water Heat.Dwelling.AP.GMX.00.Furnace.,PJ,GW,PRE,RWAP,ANNUAL,"0,00"
RWAPGMXN1,,RSD,.PRE.,Natural gas boiler-RWAP-New1,PJ,GW,PRE,RWAP,ANNUAL,"1,00"
RWAPLOG100,,RSD,.PRE.,Rsd.Water Heat.Dwelling.AP.LOG.00.Stove.,PJ,GW,PRE,RWAP,ANNUAL,"0,00"
RWAPLPG100,,RSD,.PRE.,Rsd.Water Heat.Dwelling.AP.LPG.00.Furnace.,PJ,GW,PRE,RWAP,ANNUAL,"0,00"
RWAPOIL100,,RSD,.PRE.,Rsd.Water Heat.Dwelling.AP.OIL.00.Furnace.,PJ,GW,PRE,RWAP,ANNUAL,"0,00"
RWAPPEL100,,RSD,.PRE.,Rsd.Water Heat.Dwelling.AP.PEL.00.Stove.,PJ,GW,PRE,RWAP,ANNUAL,"0,00"
RWAPSOL100,,RSD,.PRE.,Rsd.Water Heat.Dwelling.AP.SOL.00.Furnace.,PJ,GW,PRE,RWAP,ANNUAL,"0,00"
RWN2FELCHPN1,,RSD,.PRE.,Electric heat pump water heater-RWN2F-New1,PJ,GW,PRE,RWN2F,ANNUAL,"1,00"
RWN2FGMXN1,,RSD,.PRE.,Natural gas boiler-RWN2F-New1,PJ,GW,PRE,RWN2F,ANNUAL,"1,00"
RWN3FELCHPN1,,RSD,.PRE.,Electric heat pump water heater-RWN3F-New1,PJ,GW,PRE,RWN3F,ANNUAL,"1,00"
RWN3FGMXN3,,RSD,.PRE.,Natural gas boiler-RWN3F-New3,PJ,GW,PRE,RWN3F,ANNUAL,"1,00"
RWN4FELCHPN1,,RSD,.PRE.,Electric heat pump water heater-RWN4F-New1,PJ,GW,PRE,RWN4F,ANNUAL,"1,00"
RWN4FGMXN1,,RSD,.PRE.,Natural gas boiler-RWN4F-New1,PJ,GW,PRE,RWN4F,ANNUAL,"1,00"
RWNAPELCHPN1,,RSD,.PRE.,Electric heat pump water heater-RWNAP-New1,PJ,GW,PRE,RWNAP,ANNUAL,"1,00"
RWNAPGMXN1,,RSD,.PRE.,Natural gas boiler-RWNAP-New1,PJ,GW,PRE,RWNAP,ANNUAL,"1,00"
Retrofit-M_C_SA,,COM,.PRE.,Retrofit-M_C_SA,PJ,MM2,PRE,Retrofit-M_C_SA_NRGI,ANNUAL,"0,00"
Retrofit-S_C_BA,,COM,.PRE.,Retrofit-S_C_BA,PJ,MM2,PRE,Retrofit-S_C_BA_NRGI,ANNUAL,"0,00"
Retrofit-S_C_BP,,COM,.PRE.,Retrofit-S_C_BP,PJ,MM2,PRE,Retrofit-S_C_BP_NRGI,ANNUAL,"0,00"
Retrofit-S_C_CO,,COM,.PRE.,Retrofit-S_C_CO,PJ,MM2,PRE,Retrofit-S_C_CO_NRGI,ANNUAL,"0,00"
Retrofit-S_C_CS,,COM,.PRE.,Retrofit-S_C_CS,PJ,MM2,PRE,Retrofit-S_C_CS_NRGI,ANNUAL,"0,00"
Retrofit-S_C_EN,,COM,.PRE.,Retrofit-S_C_EN,PJ,MM2,PRE,Retrofit-S_C_EN_NRGI,ANNUAL,"0,00"
Retrofit-S_C_SA,,COM,.PRE.,Retrofit-S_C_SA,PJ,MM2,PRE,Retrofit-S_C_SA_NRGI,ANNUAL,"0,00"
Retrofit-S_R_2Fac1958,,RSD,.PRE.,Retrofit Sols Dwellings R_2Fac1958,PJ,MM2,PRE,Retrofit-S_R_2Fac1958_NRGI,ANNUAL,"0,00"
Retrofit-S_R_2Fac1976,,RSD,.PRE.,Retrofit Sols Dwellings R_2Fac1976,PJ,MM2,PRE,Retrofit-S_R_2Fac1976_NRGI,ANNUAL,"0,00"
Retrofit-S_R_3Fac1989,,RSD,.PRE.,Retrofit Sols Dwellings R_3Fac1989,PJ,MM2,PRE,Retrofit-S_R_3Fac1989_NRGI,ANNUAL,"0,00"
Retrofit-S_R_3Fac2005,,RSD,.PRE.,Retrofit Sols Dwellings R_3Fac2005,PJ,MM2,PRE,Retrofit-S_R_3Fac2005_NRGI,ANNUAL,"0,00"
Retrofit-S_R_4Fac1958,,RSD,.PRE.,Retrofit Sols Dwellings R_4Fac1958,PJ,MM2,PRE,Retrofit-S_R_4Fac1958_NRGI,ANNUAL,"0,00"
Retrofit-S_R_4Fac1989,,RSD,.PRE.,Retrofit Sols Dwellings R_4Fac1989,PJ,MM2,PRE,Retrofit-S_R_4Fac1989_NRGI,ANNUAL,"0,00"
Retrofit-S_R_4Fac2005,,RSD,.PRE.,Retrofit Sols Dwellings R_4Fac2005,PJ,MM2,PRE,Retrofit-S_R_4Fac2005_NRGI,ANNUAL,"0,00"
Retrofit-S_R_Appa1945,,RSD,.PRE.,Retrofit Sols Dwellings R_Appa1945,PJ,MM2,PRE,Retrofit-S_R_Appa1945_NRGI,ANNUAL,"0,00"
Retrofit-S_R_Appa1958,,RSD,.PRE.,Retrofit Sols Dwellings R_Appa1958,PJ,MM2,PRE,Retrofit-S_R_Appa1958_NRGI,ANNUAL,"0,00"
Retrofit-S_R_Appa1989,,RSD,.PRE.,Retrofit Sols Dwellings R_Appa1989,PJ,MM2,PRE,Retrofit-S_R_Appa1989_NRGI,ANNUAL,"0,00"
Retrofit-S_R_Appa2005,,RSD,.PRE.,Retrofit Sols Dwellings R_Appa2005,PJ,MM2,PRE,Retrofit-S_R_Appa2005_NRGI,ANNUAL,"0,00"
Retrofit-T_C_BA,,COM,.PRE.,Retrofit-T_C_BA,PJ,MM2,PRE,Retrofit-T_C_BA_NRGI,ANNUAL,"0,00"
Retrofit-T_C_BP,,COM,.PRE.,Retrofit-T_C_BP,PJ,MM2,PRE,Retrofit-T_C_BP_NRGI,ANNUAL,"0,00"
Retrofit-T_C_CO,,COM,.PRE.,Retrofit-T_C_CO,PJ,MM2,PRE,Retrofit-T_C_CO_NRGI,ANNUAL,"0,00"
Retrofit-T_C_EN,,COM,.PRE.,Retrofit-T_C_EN,PJ,MM2,PRE,Retrofit-T_C_EN_NRGI,ANNUAL,"0,00"
Retrofit-T_C_SA,,COM,.PRE.,Retrofit-T_C_SA,PJ,MM2,PRE,Retrofit-T_C_SA_NRGI,ANNUAL,"0,00"
SELCH2EC01_LowAF,,SUP,.PRE.,"H2 Production-Alkaline Electrolyser, large size, centralized - Pseudo with LowAF",PJ,GW,PRE,MEOOXY,DAYNITE,"1,00"
SELCH2PEM01_LowAF,,SUP,.PRE.,PEM Electrolyzer - Proton Exchange Membrane - Pseudo with LowAF,PJ,GW,PRE,MEOOXY,DAYNITE,"1,00"
SGASH2RC01,,SUP,.PRE.,"H2 Production-Methane Steam Reforming, large size, centralized",PJ,GW,PRE,SGASH2RC01_MATO,DAYNITE,"1,00"
SGASH2RC02,,SUP,.PRE.,"H2 Production-Methane Steam Reforming, small size, centralized",PJ,GW,PRE,SGASH2RC02_MATO,DAYNITE,"1,00"
STORAGEMINELC,,SUP,.PRE.CCSSTG.,STORAGEMINELC,KT,MTA,PRE,CO2STOCK,ANNUAL,"1,00"
STORAGEMININD,,SUP,.PRE.CCSSTG.,STORAGEMININD,KT,MTA,PRE,CO2STOCK,ANNUAL,"1,00"
SUPBGS00,,SUP,.PRE.,Fuel Tech - biogas,PJ,PJA,PRE,SUPBGS,ANNUAL,"0,00"
SUPDST00,,SUP,.PRE.,Fuel Tech - Mazout (SUP),PJ,PJA,PRE,SUPDST,ANNUAL,"0,00"
SUPELC00,,SUP,.PRE.,Fuel Tech - Electricity (SUP),PJ,PJA,PRE,SUPELC,ANNUAL,"0,00"
SUPGAS00,,SUP,.PRE.,Fuel Tech - Natural Gas (SUP),PJ,PJA,PRE,SUPGAS,ANNUAL,"0,00"
SUPGMX00,,SUP,.PRE.,Fuel Tech - Natural Gas biogas mixed (SUP),PJ,PJA,PRE,SUPGMX,ANNUAL,"0,00"
TADFKER00,,TRA,.DMD.,Aviation Domestic Freight Kerosene Tech Existing,PJ,PJA,DMD,TADF,ANNUAL,"0,00"
TADPKER00,,TRA,.DMD.,Aviation Domestic Passengers Kerosene Tech Existing,PJ,PJA,DMD,TADP,ANNUAL,"0,00"
TAIFKER00,,TRA,.DMD.,Aviation International Freight Kerosene Tech Existing,PJ,PJA,DMD,TAIF,ANNUAL,"0,00"
TAIPKER00,,TRA,.DMD.,Aviation International Passengers Kerosene Tech Existing,PJ,PJA,DMD,TAIP,ANNUAL,"0,00"
TAVDOMBDLFN01,,TRA,.DMD.TADF.,Transport marchandise - Aviation - Domestic - Biokerosene (New),PJ,000VEH,DMD,TADF,ANNUAL,"1,00"
TAVDOMBDLPN01,,TRA,.DMD.TADP.,Transport personne - Aviation - Domestic - Biokerosene (New),PJ,000VEH,DMD,TADP,ANNUAL,"1,00"
TAVINTHH2PN01,,TRA,.DMD.TAIP.,Transport personne- Aviation - International - Hydrogen (New),PJ,000VEH,DMD,TAIP,ANNUAL,"1,00"
TBUSBDLU00,,TRA,.DMD.,Buses Biodiesel Urban Existing,BVKM,000VEH,DMD,TBU,ANNUAL,"0,00"
TBUSDSTC00,,TRA,.DMD.,Buses Diesel Coaches Existing,BVKM,000VEH,DMD,TBC,ANNUAL,"0,00"
TBUSDSTU00,,TRA,.DMD.,Buses Diesel Urban Existing,BVKM,000VEH,DMD,TBU,ANNUAL,"0,00"
TBUSDSTUN01,,TRA,.DMD.TRADBU.,Buses Diesel Urban New,BVKM,000VEH,DMD,TBU,ANNUAL,"1,00"
TBUSETHCN01,,TRA,.DMD.TRADBU.,Buses Ethanol Coach New,BVKM,000VEH,DMD,TBC,ANNUAL,"1,00"
TBUSGMXU00,,TRA,.DMD.,Buses CNG Urban Existing,BVKM,000VEH,DMD,TBU,ANNUAL,"0,00"
TBUSHDSTU00,,TRA,.DMD.,Buses Hybrid Diesel Urban Existing,BVKM,000VEH,DMD,TBU,ANNUAL,"0,00"
TCARDSTEX00,,TRA,.DMD.,Cars Diesel Executive Existing,BVKM,000VEH,DMD,TCAR,ANNUAL,"0,00"
TCARDSTMU00,,TRA,.DMD.,Cars Diesel Medium-Upper Existing,BVKM,000VEH,DMD,TCAR,ANNUAL,"0,00"
TCARDSTML00,,TRA,.DMD.,Cars Diesel Medium-Lower Existing,BVKM,000VEH,DMD,TCAR,ANNUAL,"0,00"
TCARDSTMLN01,,TRA,.DMD.TRADCA.,Cars Diesel Medium-Lower New,BVKM,000VEH,DMD,TCAR,ANNUAL,"1,00"
TCARDSTSM00,,TRA,.DMD.,Cars Diesel small Existing,BVKM,000VEH,DMD,TCAR,ANNUAL,"0,00"
TCARDSTSMN01,,TRA,.DMD.TRADCA.,Cars Diesel Small New,BVKM,000VEH,DMD,TCAR,ANNUAL,"1,00"
TCARDTSHEVEX00,,TRA,.DMD.,Cars PHEV Diesel Executive Existing,BVKM,000VEH,DMD,TCAR,ANNUAL,"0,00"
TCARELCEXN01,,TRA,.DMD.TRADCA.,Cars Electric Executive New,BVKM,000VEH,DMD,TCAR,ANNUAL,"1,00"
TCARELCML00,,TRA,.DMD.,Cars Electric Medium-Lower Existing,BVKM,000VEH,DMD,TCAR,ANNUAL,"0,00"
TCARELCMLN01,,TRA,.DMD.TRADCA.,Cars Electric Medium-Lower New,BVKM,000VEH,DMD,TCAR,ANNUAL,"1,00"
TCARELCMUN01,,TRA,.DMD.TRADCA.,Cars Electric Medium-Upper New,BVKM,000VEH,DMD,TCAR,ANNUAL,"1,00"
TCARELCSMN01,,TRA,.DMD.TRADCA.,Cars Electric Small New,BVKM,000VEH,DMD,TCAR,ANNUAL,"1,00"
TCARGMXEX00,,TRA,.DMD.,Cars CNG Executive Existing,BVKM,000VEH,DMD,TCAR,ANNUAL,"0,00"
TCARGMXML00,,TRA,.DMD.,Cars CNG Medium-Lower Existing,BVKM,000VEH,DMD,TCAR,ANNUAL,"0,00"
TCARGMXMU00,,TRA,.DMD.,Cars CNG Medium-Upper Existing,BVKM,000VEH,DMD,TCAR,ANNUAL,"0,00"
TCARGSLEX00,,TRA,.DMD.,Cars Gasoline Executive Existing,BVKM,000VEH,DMD,TCAR,ANNUAL,"0,00"
TCARGSLHEVEX00,,TRA,.DMD.,Cars PHEV Gasoline  Executive Existing,BVKM,000VEH,DMD,TCAR,ANNUAL,"0,00"
TCARGSLHEVML00,,TRA,.DMD.,Cars PHEV Gasoline  Medium-Lower Existing,BVKM,000VEH,DMD,TCAR,ANNUAL,"0,00"
TCARGSLHEVMU00,,TRA,.DMD.,Cars PHEV Gasoline  Medium-Upper Existing,BVKM,000VEH,DMD,TCAR,ANNUAL,"0,00"
TCARGSLHYBMLN01,,TRA,.DMD.TRADCA.,Cars Hybrid Gasoline Medium-Lower New,BVKM,000VEH,DMD,TCAR,ANNUAL,"1,00"
TCARGSLML00,,TRA,.DMD.,Cars Gasoline Medium-Lower Existing,BVKM,000VEH,DMD,TCAR,ANNUAL,"0,00"
TCARGSLMU00,,TRA,.DMD.,Cars Gasoline Medium-Upper Existing,BVKM,000VEH,DMD,TCAR,ANNUAL,"0,00"
TCARGSLMUN01,,TRA,.DMD.TRADCA.,Cars Gasoline Medium-Upper New,BVKM,000VEH,DMD,TCAR,ANNUAL,"1,00"
TCARGSLSM00,,TRA,.DMD.,Cars Gasoline Small Existing,BVKM,000VEH,DMD,TCAR,ANNUAL,"0,00"
TCARHGSLEX00,,TRA,.DMD.,Cars Hybrid Gasoline Executive Existing,BVKM,000VEH,DMD,TCAR,ANNUAL,"0,00"
TCARHGSLML00,,TRA,.DMD.,Cars Hybrid Gasoline Medium-Lower Existing,BVKM,000VEH,DMD,TCAR,ANNUAL,"0,00"
TCARHGSLMU00,,TRA,.DMD.,Cars Hybrid Gasoline Medium-Upper Existing,BVKM,000VEH,DMD,TCAR,ANNUAL,"0,00"
TCARHGSLSM00,,TRA,.DMD.,Cars Hybrid Gasoline small Existing,BVKM,000VEH,DMD,TCAR,ANNUAL,"0,00"
TCARLPGEX00,,TRA,.DMD.,Cars LPG Executive Existing,BVKM,000VEH,DMD,TCAR,ANNUAL,"0,00"
TCARLPGML00,,TRA,.DMD.,Cars LPG Medium-Lower Existing,BVKM,000VEH,DMD,TCAR,ANNUAL,"0,00"
TCARLPGMLN01,,TRA,.DMD.TRADCA.,Cars LPG Medium-Lower New,BVKM,000VEH,DMD,TCAR,ANNUAL,"1,00"
TCARLPGMU00,,TRA,.DMD.,Cars LPG Medium-Upper Existing,BVKM,000VEH,DMD,TCAR,ANNUAL,"0,00"
TCARLPGSM00,,TRA,.DMD.,Cars LPG small Existing,BVKM,000VEH,DMD,TCAR,ANNUAL,"0,00"
TCHARGHOMN01,,TRA,.PRE.,TCHARGHOMN01,PJ,GW,PRE,BATELCIN,DAYNITE,"0,00"
TCHARGHOMSMARTN01,,TRA,.PRE.,TCHARGHOMSMARTN01,PJ,GW,PRE,RSDELC,DAYNITE,"0,00"
TCHARGWRKN01,,TRA,.PRE.,TCHARGWRKN01,PJ,GW,PRE,BATELCIN,DAYNITE,"0,00"
THDTDSTH200,,TRA,.DMD.,Heavy Duty Trucks Diesel Less than 14 t Existing,BVKM,000VEH,DMD,THDT,ANNUAL,"0,00"
THDTDSTH2N01,,TRA,.DMD.TRADTH.,Heavy Duty Trucks Diesel Less than 14 t New,BVKM,000VEH,DMD,THDT,ANNUAL,"1,00"
THDTDSTH300,,TRA,.DMD.,Heavy Duty Trucks Diesel Between 14-28 t Existing,BVKM,000VEH,DMD,THDT,ANNUAL,"0,00"
THDTDSTH3N01,,TRA,.DMD.TRADTH.,Heavy Duty Trucks Diesel  Between 14-28  New,BVKM,000VEH,DMD,THDT,ANNUAL,"1,00"
THDTDSTH400,,TRA,.DMD.,Heavy Duty Trucks Diesel Between 28-40 t Existing,BVKM,000VEH,DMD,THDT,ANNUAL,"0,00"
THDTDSTH4N01,,TRA,.DMD.TRADTH.,Heavy Duty Trucks Diesel  Between 28-40 t New,BVKM,000VEH,DMD,THDT,ANNUAL,"1,00"
THDTDSTH500,,TRA,.DMD.,Heavy Duty Trucks Diesel Between 40-50 t Existing,BVKM,000VEH,DMD,THDT,ANNUAL,"0,00"
THDTDSTH5N01,,TRA,.DMD.TRADTH.,Heavy Duty Trucks Diesel Between 40-50 t New,BVKM,000VEH,DMD,THDT,ANNUAL,"1,00"
THDTDSTHYBH5N01,,TRA,.DMD.TRADTH.,Heavy Duty Trucks Hybrid Diesel Between 40-50 t New,BVKM,000VEH,DMD,THDT,ANNUAL,"1,00"
THDTELCH00,,TRA,.DMD.,Heavy Duty Trucks Electric  Existing,BVKM,000VEH,DMD,THDT,ANNUAL,"0,00"
THDTGH2H5N01,,TRA,.DMD.TRADTH.,Heavy Duty Trucks Hydrogen Less than 40-50 t New,BVKM,000VEH,DMD,THDT,ANNUAL,"1,00"
THDTGMXH3N01,,TRA,.DMD.TRADTH.,Heavy Duty Trucks LNG  Between 14-28 t New,BVKM,000VEH,DMD,THDT,ANNUAL,"1,00"
THDTGMXH4N01,,TRA,.DMD.TRADTH.,Heavy Duty Trucks LNG Between 28-40 t New,BVKM,000VEH,DMD,THDT,ANNUAL,"1,00"
THDTGMXH5N01,,TRA,.DMD.TRADTH.,Heavy Duty Trucks LNG Between 40-50 t New,BVKM,000VEH,DMD,THDT,ANNUAL,"1,00"
THDTGSLH100,,TRA,.DMD.,Heavy Duty Trucks Gasoline More than 3 t Existing,BVKM,000VEH,DMD,THDT,ANNUAL,"0,00"
TLCVBDLLCN01,,TRA,.DMD.TRADTL.,Light Commercial Vehicles BioDiesel Light New,BVKM,000VEH,DMD,TLCV,ANNUAL,"1,00"
TLCVDSTHYBLCN01,,TRA,.DMD.TRADTL.,Light Commercial Vehicles Hybrid Diesel Light New,BVKM,000VEH,DMD,TLCV,ANNUAL,"1,00"
TLCVDSTLC00,,TRA,.DMD.,Light Commercial Vehicles Diesel  Light Existing,BVKM,000VEH,DMD,TLCV,ANNUAL,"0,00"
TLCVDSTLCN01,,TRA,.DMD.TRADTL.,Light Commercial Vehicles Diesel Light New,BVKM,000VEH,DMD,TLCV,ANNUAL,"1,00"
TLCVELCLC00,,TRA,.DMD.,Light Commercial Vehicles Electric Light Existing,BVKM,000VEH,DMD,TLCV,ANNUAL,"0,00"
TLCVGSLLC00,,TRA,.DMD.,Light Commercial Vehicles Gasoline  Light Existing,BVKM,000VEH,DMD,TLCV,ANNUAL,"0,00"
TMOPELC00,,TRA,.DMD.,Bicycle electric  Existing,BVKM,000VEH,DMD,TMOP,ANNUAL,"0,00"
TMOPELCN01,,TRA,.DMD.TRADMO.,Mopeds Electric New,BVKM,000VEH,DMD,TMOP,ANNUAL,"1,00"
TMOPGSL00,,TRA,.DMD.,Mopeds Gasoline  Existing,BVKM,000VEH,DMD,TMOP,ANNUAL,"0,00"
TMOPGSLN01,,TRA,.DMD.TRADMO.,Mopeds Gasoline New,BVKM,000VEH,DMD,TMOP,ANNUAL,"1,00"
TMOTELCN01,,TRA,.DMD.TRADMO.,Motorcycles Electric New,BVKM,000VEH,DMD,TMOT,ANNUAL,"1,00"
TMOTGSL00,,TRA,.DMD.,Motorcycles Gasoline  Existing,BVKM,000VEH,DMD,TMOT,ANNUAL,"0,00"
TMOTGSLN01,,TRA,.DMD.TRADMO.,Motorcycles Gasoline New,BVKM,000VEH,DMD,TMOT,ANNUAL,"1,00"
TNDFDST00,,TRA,.DMD.,Navigation Domestic Freight Tech Existing,BTKM,BTKMA,DMD,TNDF,ANNUAL,"0,00"
TRABDL00,,TRA,.PRE.,Fuel Tech - Biodiesel (TRA),PJ,PJA,PRE,TRABDL,ANNUAL,"0,00"
TRABGS00,,TRA,.PRE.,Fuel tech - biogas (TRA),PJ,PJA,PRE,TRABGS,ANNUAL,"0,00"
TRADST00,,TRA,.PRE.,Fuel Tech - Diesel (TRA),PJ,PJA,PRE,TRADST,ANNUAL,"0,00"
TRAELC00,,TRA,.PRE.,Fuel Tech - Electricity (TRA),PJ,GW,PRE,TRAELC,ANNUAL,"0,00"
TRAETH00,,TRA,.PRE.,Fuel Tech - Ethanol (TRA),PJ,PJA,PRE,TRAETH,ANNUAL,"0,00"
TRAGH2C04,,SUP,.PRE.,Fuel Tech - H2 Delivery from centralized production (COMP+USTOR+TR+GSTORB+RTS+REFGG (small)),PJ,PJ-A,PRE,TRAGH2,DAYNITE,
TRAGMX00,,TRA,.PRE.,Fuel Tech - Reseau gas mixed (TRA),PJ,PJA,PRE,TRAGMX,ANNUAL,"0,00"
TRAGSL00,,TRA,.PRE.,Fuel Tech - Gasoline (TRA),PJ,PJA,PRE,TRAGSL,ANNUAL,"0,00"
TRAKER00,,TRA,.PRE.,Fuel Tech - Kerosene - Jet Fuels (TRA),PJ,PJA,PRE,TRAKER,ANNUAL,"0,00"
TRALH2C01,,SUP,.PRE.,Fuel Tech - H2 Delivery from centralized production (COMP+USTOR+TR+LIQ+LSTORB+RTS+REFLL(large)),PJ,PJ-A,PRE,TRALH2,DAYNITE,
TRALH2C02_i,,SUP,.PRE.,TRALH2C02_i,PJ,PJ-A,PRE,TRALH2,DAYNITE,
TRALPG00,,TRA,.PRE.,Fuel Tech - Liquified Petroleum Gas (TRA),PJ,PJA,PRE,TRALPG,ANNUAL,"0,00"
TSTGEVCMIDN01,,TRA,.STG.,TSTGEVCMIDN01,PJ,GW,STG,BATELCOUT,DAYNITE,"0,00"
TTFELCDST00,,TRA,.DMD.,Train Freigh Tech Existing,BTKM,BTKMA,DMD,TTF,ANNUAL,"0,00"
TTPELCDST00,,TRA,.DMD.,Train Conventional Passengers Tech Existing,BPKM,BPKMA,DMD,TTP,ANNUAL,"0,00"
