Process;Category
CCBAELC100;COM-processes
CCBAELC200;COM-processes
CCBAELC300;COM-processes
CCBAGMXHP101;COM-processes
CCBPELC100;COM-processes
CCBPELC101;COM-processes
CCBPELC200;COM-processes
CCBPELC201;COM-processes
CCBPELC300;COM-processes
CCBPELC301;COM-processes
CCBPELC401;COM-processes
CCBPELCHP101;COM-processes
CCBPGMXHP101;COM-processes
CCCOELC100;COM-processes
CCCOELC101;COM-processes
CCCOELC200;COM-processes
CCCOELC201;COM-processes
CCCOELC300;COM-processes
CCCOELC301;COM-processes
CCCOELC401;COM-processes
CCCOELCHP101;COM-processes
CCCOGMXHP101;COM-processes
CCCSELC100;COM-processes
CCCSELC101;COM-processes
CCCSELC200;COM-processes
CCCSELC201;COM-processes
CCCSELC300;COM-processes
CCCSELC301;COM-processes
CCCSELC401;COM-processes
CCCSELCHP101;COM-processes
CCCSGMXHP101;COM-processes
CCDATAELC101;COM-processes
CCDATAELC201;COM-processes
CCDATAELC301;COM-processes
CCDATAELC401;COM-processes
CCDATAELCHP101;COM-processes
CCDATAGMXHP101;COM-processes
CCDATELC100;COM-processes
CCDATELC200;COM-processes
CCDATELC300;COM-processes
CCENELC100;COM-processes
CCENELC200;COM-processes
CCENELC300;COM-processes
CCENGMXHP101;COM-processes
CCNBAELC101;COM-processes
CCNBAELC201;COM-processes
CCNBAELC301;COM-processes
CCNBAELC401;COM-processes
CCNBAELCHP101;COM-processes
CCNBAGMXHP101;COM-processes
CCNBPELC101;COM-processes
CCNBPELC201;COM-processes
CCNBPELC301;COM-processes
CCNBPELC401;COM-processes
CCNBPELCHP101;COM-processes
CCNBPGMXHP101;COM-processes
CCNCOGMXHP101;COM-processes
CCNCSELC101;COM-processes
CCNCSELC201;COM-processes
CCNCSELC301;COM-processes
CCNCSELC401;COM-processes
CCNCSELCHP101;COM-processes
CCNCSGMXHP101;COM-processes
CCNDATAELC101;COM-processes
CCNDATAELC201;COM-processes
CCNDATAELC301;COM-processes
CCNDATAELC401;COM-processes
CCNDATAELCHP101;COM-processes
CCNDATAGMXHP101;COM-processes
CCNENELC101;COM-processes
CCNENELC201;COM-processes
CCNENELC301;COM-processes
CCNENELC401;COM-processes
CCNENELCHP101;COM-processes
CCNENGMXHP101;COM-processes
CCNSAELC101;COM-processes
CCNSAELC201;COM-processes
CCNSAELC301;COM-processes
CCNSAELC401;COM-processes
CCNSAELCHP101;COM-processes
CCNSAGMXHP101;COM-processes
CCOKCPS100;COM-processes
CCOKELC100;COM-processes
CCOKELC101;COM-processes
CCOKELC102;COM-processes
CCOKELC103;COM-processes
CCOKGAS100;COM-processes
CCOKGMX101;COM-processes
CCOKLPG100;COM-processes
CCOKLPG101;COM-processes
CCSAELC100;COM-processes
CCSAELC101;COM-processes
CCSAELC200;COM-processes
CCSAELC201;COM-processes
CCSAELC300;COM-processes
CCSAELC301;COM-processes
CCSAELC401;COM-processes
CCSAELCHP101;COM-processes
CCSAGMXHP101;COM-processes
CHBABGS100;COM-processes
CHBACPS100;COM-processes
CHBACPS101;COM-processes
CHBAELC100;COM-processes
CHBAELC101;COM-processes
CHBAELC200;COM-processes
CHBAELC201;COM-processes
CHBAELCHP201;COM-processes
CHBAELCHP202;COM-processes
CHBAELCHP301;COM-processes
CHBAELCHP302;COM-processes
CHBAELCHP401;COM-processes
CHBAELCHP402;COM-processes
CHBAELCHPR201;COM-processes
CHBAELCHPR202;COM-processes
CHBAELCHPR301;COM-processes
CHBAELCHPR302;COM-processes
CHBAELCHPR401;COM-processes
CHBAELCHPR402;COM-processes
CHBAGEO100;COM-processes
CHBAGEO101;COM-processes
CHBAGMX100;COM-processes
CHBAGMX201;COM-processes
CHBAGMX301;COM-processes
CHBAGMX401;COM-processes
CHBAGMX501;COM-processes
CHBAGMXHP201;COM-processes
CHBAGMXHP202;COM-processes
CHBAHET100;COM-processes
CHBALPG100;COM-processes
CHBALPG201;COM-processes
CHBALPG301;COM-processes
CHBALPGHP202;COM-processes
CHBALTH101;COM-processes
CHBAOIL100;COM-processes
CHBAOIL201;COM-processes
CHBAOIL301;COM-processes
CHBAOIL401;COM-processes
CHBAPEL100;COM-processes
CHBAPEL101;COM-processes
CHBASOL100;COM-processes
CHBPBGS100;COM-processes
CHBPCPS100;COM-processes
CHBPCPS101;COM-processes
CHBPELC100;COM-processes
CHBPELC101;COM-processes
CHBPELC200;COM-processes
CHBPELC201;COM-processes
CHBPELCHP201;COM-processes
CHBPELCHP202;COM-processes
CHBPELCHP301;COM-processes
CHBPELCHP302;COM-processes
CHBPELCHP401;COM-processes
CHBPELCHP402;COM-processes
CHBPELCHPR201;COM-processes
CHBPELCHPR202;COM-processes
CHBPELCHPR301;COM-processes
CHBPELCHPR302;COM-processes
CHBPELCHPR401;COM-processes
CHBPELCHPR402;COM-processes
CHBPGEO100;COM-processes
CHBPGEO101;COM-processes
CHBPGMX100;COM-processes
CHBPGMX201;COM-processes
CHBPGMX301;COM-processes
CHBPGMX401;COM-processes
CHBPGMX501;COM-processes
CHBPGMXHP201;COM-processes
CHBPGMXHP202;COM-processes
CHBPHET100;COM-processes
CHBPLPG100;COM-processes
CHBPLPG201;COM-processes
CHBPLPG301;COM-processes
CHBPLPGHP202;COM-processes
CHBPLTH101;COM-processes
CHBPOIL100;COM-processes
CHBPOIL201;COM-processes
CHBPOIL301;COM-processes
CHBPOIL401;COM-processes
CHBPPEL100;COM-processes
CHBPPEL101;COM-processes
CHBPSOL100;COM-processes
CHCOBGS100;COM-processes
CHCOCPS100;COM-processes
CHCOCPS101;COM-processes
CHCOELC100;COM-processes
CHCOELC101;COM-processes
CHCOELC200;COM-processes
CHCOELC201;COM-processes
CHCOELCHP201;COM-processes
CHCOELCHP202;COM-processes
CHCOELCHP301;COM-processes
CHCOELCHP302;COM-processes
CHCOELCHP401;COM-processes
CHCOELCHP402;COM-processes
CHCOELCHPR201;COM-processes
CHCOELCHPR202;COM-processes
CHCOELCHPR301;COM-processes
CHCOELCHPR302;COM-processes
CHCOELCHPR401;COM-processes
CHCOELCHPR402;COM-processes
CHCOGEO100;COM-processes
CHCOGEO101;COM-processes
CHCOGMX100;COM-processes
CHCOGMX201;COM-processes
CHCOGMX301;COM-processes
CHCOGMX401;COM-processes
CHCOGMX501;COM-processes
CHCOGMXHP201;COM-processes
CHCOGMXHP202;COM-processes
CHCOHET100;COM-processes
CHCOLPG100;COM-processes
CHCOLPG201;COM-processes
CHCOLPG301;COM-processes
CHCOLPGHP202;COM-processes
CHCOLTH101;COM-processes
CHCOOIL100;COM-processes
CHCOOIL201;COM-processes
CHCOOIL301;COM-processes
CHCOOIL401;COM-processes
CHCOPEL100;COM-processes
CHCOPEL101;COM-processes
CHCOSOL100;COM-processes
CHCSBGS100;COM-processes
CHCSCPS100;COM-processes
CHCSCPS101;COM-processes
CHCSELC100;COM-processes
CHCSELC101;COM-processes
CHCSELC200;COM-processes
CHCSELC201;COM-processes
CHCSELCHP201;COM-processes
CHCSELCHP202;COM-processes
CHCSELCHP301;COM-processes
CHCSELCHP302;COM-processes
CHCSELCHP401;COM-processes
CHCSELCHP402;COM-processes
CHCSELCHPELC201;COM-processes
CHCSELCHPELC202;COM-processes
CHCSELCHPELC301;COM-processes
CHCSELCHPELC302;COM-processes
CHCSELCHPELC401;COM-processes
CHCSELCHPELC402;COM-processes
CHCSGEO100;COM-processes
CHCSGEO101;COM-processes
CHCSGMX100;COM-processes
CHCSGMX201;COM-processes
CHCSGMX301;COM-processes
CHCSGMX401;COM-processes
CHCSGMX501;COM-processes
CHCSGMXHP201;COM-processes
CHCSGMXHP202;COM-processes
CHCSHET100;COM-processes
CHCSLPG100;COM-processes
CHCSLPG201;COM-processes
CHCSLPG301;COM-processes
CHCSLPGHP202;COM-processes
CHCSLTH101;COM-processes
CHCSOIL100;COM-processes
CHCSOIL201;COM-processes
CHCSOIL301;COM-processes
CHCSOIL401;COM-processes
CHCSPEL100;COM-processes
CHCSPEL101;COM-processes
CHCSSOL100;COM-processes
CHDATACPS101;COM-processes
CHDATAELC101;COM-processes
CHDATAELC201;COM-processes
CHDATAELCHP201;COM-processes
CHDATAELCHP202;COM-processes
CHDATAELCHP301;COM-processes
CHDATAELCHP302;COM-processes
CHDATAELCHP401;COM-processes
CHDATAELCHP402;COM-processes
CHDATAELCHPR201;COM-processes
CHDATAELCHPR202;COM-processes
CHDATAELCHPR301;COM-processes
CHDATAELCHPR302;COM-processes
CHDATAELCHPR401;COM-processes
CHDATAELCHPR402;COM-processes
CHDATAGEO101;COM-processes
CHDATAGMX201;COM-processes
CHDATAGMX301;COM-processes
CHDATAGMX401;COM-processes
CHDATAGMX501;COM-processes
CHDATAGMXHP201;COM-processes
CHDATAGMXHP202;COM-processes
CHDATALPG201;COM-processes
CHDATALPG301;COM-processes
CHDATALPGHP202;COM-processes
CHDATALTH101;COM-processes
CHDATAOIL201;COM-processes
CHDATAOIL301;COM-processes
CHDATAOIL401;COM-processes
CHDATAPEL101;COM-processes
CHDATBGS100;COM-processes
CHDATCPS100;COM-processes
CHDATELC100;COM-processes
CHDATELC200;COM-processes
CHDATGEO100;COM-processes
CHDATGMX100;COM-processes
CHDATHET100;COM-processes
CHDATLPG100;COM-processes
CHDATOIL100;COM-processes
CHDATPEL100;COM-processes
CHDATSOL100;COM-processes
CHENBGS100;COM-processes
CHENCPS100;COM-processes
CHENCPS101;COM-processes
CHENELC100;COM-processes
CHENELC101;COM-processes
CHENELC200;COM-processes
CHENELC201;COM-processes
CHENELCHP201;COM-processes
CHENELCHP202;COM-processes
CHENELCHP301;COM-processes
CHENELCHP302;COM-processes
CHENELCHP401;COM-processes
CHENELCHP402;COM-processes
CHENELCHPR201;COM-processes
CHENELCHPR202;COM-processes
CHENELCHPR301;COM-processes
CHENELCHPR302;COM-processes
CHENELCHPR401;COM-processes
CHENELCHPR402;COM-processes
CHENGEO100;COM-processes
CHENGEO101;COM-processes
CHENGMX100;COM-processes
CHENGMX201;COM-processes
CHENGMX301;COM-processes
CHENGMX401;COM-processes
CHENGMX501;COM-processes
CHENGMXHP201;COM-processes
CHENGMXHP202;COM-processes
CHENHET100;COM-processes
CHENLPG100;COM-processes
CHENLPG201;COM-processes
CHENLPG301;COM-processes
CHENLPGHP202;COM-processes
CHENLTH101;COM-processes
CHENOIL100;COM-processes
CHENOIL201;COM-processes
CHENOIL301;COM-processes
CHENOIL401;COM-processes
CHENPEL100;COM-processes
CHENPEL101;COM-processes
CHENSOL100;COM-processes
CHNBACPS101;COM-processes
CHNBAELC101;COM-processes
CHNBAELC201;COM-processes
CHNBAELCHP201;COM-processes
CHNBAELCHP202;COM-processes
CHNBAELCHP301;COM-processes
CHNBAELCHP302;COM-processes
CHNBAELCHP401;COM-processes
CHNBAELCHP402;COM-processes
CHNBAGEO101;COM-processes
CHNBAGMX201;COM-processes
CHNBAGMX301;COM-processes
CHNBAGMX401;COM-processes
CHNBAGMX501;COM-processes
CHNBAGMXHP201;COM-processes
CHNBAGMXHP202;COM-processes
CHNBALPG201;COM-processes
CHNBALPG301;COM-processes
CHNBALPGHP202;COM-processes
CHNBALTH101;COM-processes
CHNBAOIL201;COM-processes
CHNBAOIL301;COM-processes
CHNBAOIL401;COM-processes
CHNBAPEL101;COM-processes
CHNBPCPS101;COM-processes
CHNBPELC101;COM-processes
CHNBPELC201;COM-processes
CHNBPELCHP201;COM-processes
CHNBPELCHP202;COM-processes
CHNBPELCHP301;COM-processes
CHNBPELCHP302;COM-processes
CHNBPELCHP401;COM-processes
CHNBPELCHP402;COM-processes
CHNBPGEO101;COM-processes
CHNBPGMX201;COM-processes
CHNBPGMX301;COM-processes
CHNBPGMX401;COM-processes
CHNBPGMX501;COM-processes
CHNBPGMXHP201;COM-processes
CHNBPGMXHP202;COM-processes
CHNBPLPG201;COM-processes
CHNBPLPG301;COM-processes
CHNBPLPGHP202;COM-processes
CHNBPLTH101;COM-processes
CHNBPOIL201;COM-processes
CHNBPOIL301;COM-processes
CHNBPOIL401;COM-processes
CHNBPPEL101;COM-processes
CHNCOCPS101;COM-processes
CHNCOELC101;COM-processes
CHNCOELC201;COM-processes
CHNCOELCHP201;COM-processes
CHNCOELCHP202;COM-processes
CHNCOELCHP301;COM-processes
CHNCOELCHP302;COM-processes
CHNCOELCHP401;COM-processes
CHNCOELCHP402;COM-processes
CHNCOGEO101;COM-processes
CHNCOGMX201;COM-processes
CHNCOGMX301;COM-processes
CHNCOGMX401;COM-processes
CHNCOGMX501;COM-processes
CHNCOGMXHP201;COM-processes
CHNCOGMXHP202;COM-processes
CHNCOLPG201;COM-processes
CHNCOLPG301;COM-processes
CHNCOLPGHP202;COM-processes
CHNCOLTH101;COM-processes
CHNCOOIL201;COM-processes
CHNCOOIL301;COM-processes
CHNCOOIL401;COM-processes
CHNCOPEL101;COM-processes
CHNCSCPS101;COM-processes
CHNCSELC101;COM-processes
CHNCSELC201;COM-processes
CHNCSELCHP201;COM-processes
CHNCSELCHP202;COM-processes
CHNCSELCHP301;COM-processes
CHNCSELCHP302;COM-processes
CHNCSELCHP401;COM-processes
CHNCSELCHP402;COM-processes
CHNCSGEO101;COM-processes
CHNCSGMX201;COM-processes
CHNCSGMX301;COM-processes
CHNCSGMX401;COM-processes
CHNCSGMX501;COM-processes
CHNCSGMXHP201;COM-processes
CHNCSGMXHP202;COM-processes
CHNCSLPG201;COM-processes
CHNCSLPG301;COM-processes
CHNCSLPGHP202;COM-processes
CHNCSLTH101;COM-processes
CHNCSOIL201;COM-processes
CHNCSOIL301;COM-processes
CHNCSOIL401;COM-processes
CHNCSPEL101;COM-processes
CHNDATACPS101;COM-processes
CHNDATAELC101;COM-processes
CHNDATAELC201;COM-processes
CHNDATAELCHP201;COM-processes
CHNDATAELCHP202;COM-processes
CHNDATAELCHP301;COM-processes
CHNDATAELCHP302;COM-processes
CHNDATAELCHP401;COM-processes
CHNDATAELCHP402;COM-processes
CHNDATAGEO101;COM-processes
CHNDATAGMX201;COM-processes
CHNDATAGMX301;COM-processes
CHNDATAGMX401;COM-processes
CHNDATAGMX501;COM-processes
CHNDATAGMXHP201;COM-processes
CHNDATAGMXHP202;COM-processes
CHNDATALPG201;COM-processes
CHNDATALPG301;COM-processes
CHNDATALPGHP202;COM-processes
CHNDATALTH101;COM-processes
CHNDATAOIL201;COM-processes
CHNDATAOIL301;COM-processes
CHNDATAOIL401;COM-processes
CHNDATAPEL101;COM-processes
CHNENCPS101;COM-processes
CHNENELC101;COM-processes
CHNENELC201;COM-processes
CHNENELCHP201;COM-processes
CHNENELCHP202;COM-processes
CHNENELCHP301;COM-processes
CHNENELCHP302;COM-processes
CHNENELCHP401;COM-processes
CHNENELCHP402;COM-processes
CHNENGEO101;COM-processes
CHNENGMX201;COM-processes
CHNENGMX301;COM-processes
CHNENGMX401;COM-processes
CHNENGMX501;COM-processes
CHNENGMXHP201;COM-processes
CHNENGMXHP202;COM-processes
CHNENLPG201;COM-processes
CHNENLPG301;COM-processes
CHNENLPGHP202;COM-processes
CHNENLTH101;COM-processes
CHNENOIL201;COM-processes
CHNENOIL301;COM-processes
CHNENOIL401;COM-processes
CHNENPEL101;COM-processes
CHNSACPS101;COM-processes
CHNSAELC101;COM-processes
CHNSAELC201;COM-processes
CHNSAELCHP201;COM-processes
CHNSAELCHP202;COM-processes
CHNSAELCHP301;COM-processes
CHNSAELCHP302;COM-processes
CHNSAELCHP401;COM-processes
CHNSAELCHP402;COM-processes
CHNSAGEO101;COM-processes
CHNSAGMX201;COM-processes
CHNSAGMX301;COM-processes
CHNSAGMX401;COM-processes
CHNSAGMX501;COM-processes
CHNSAGMXHP201;COM-processes
CHNSAGMXHP202;COM-processes
CHNSALPG201;COM-processes
CHNSALPG301;COM-processes
CHNSALPGHP202;COM-processes
CHNSALTH101;COM-processes
CHNSAOIL201;COM-processes
CHNSAOIL301;COM-processes
CHNSAOIL401;COM-processes
CHNSAPEL101;COM-processes
CHSABGS100;COM-processes
CHSACPS100;COM-processes
CHSACPS101;COM-processes
CHSAELC100;COM-processes
CHSAELC101;COM-processes
CHSAELC200;COM-processes
CHSAELC201;COM-processes
CHSAELCHP201;COM-processes
CHSAELCHP202;COM-processes
CHSAELCHP301;COM-processes
CHSAELCHP302;COM-processes
CHSAELCHP401;COM-processes
CHSAELCHP402;COM-processes
CHSAELCHPR201;COM-processes
CHSAELCHPR202;COM-processes
CHSAELCHPR301;COM-processes
CHSAELCHPR302;COM-processes
CHSAELCHPR401;COM-processes
CHSAELCHPR402;COM-processes
CHSAGEO100;COM-processes
CHSAGEO101;COM-processes
CHSAGMX100;COM-processes
CHSAGMX201;COM-processes
CHSAGMX301;COM-processes
CHSAGMX401;COM-processes
CHSAGMX501;COM-processes
CHSAGMXHP201;COM-processes
CHSAGMXHP202;COM-processes
CHSAHET100;COM-processes
CHSALPG100;COM-processes
CHSALPG201;COM-processes
CHSALPG301;COM-processes
CHSALPGHP202;COM-processes
CHSALTH101;COM-processes
CHSAOIL100;COM-processes
CHSAOIL201;COM-processes
CHSAOIL301;COM-processes
CHSAOIL401;COM-processes
CHSAPEL100;COM-processes
CHSAPEL101;COM-processes
CHSASOL100;COM-processes
CLIGBAELC100;COM-processes
CLIGBAELC200;COM-processes
CLIGBAELC300;COM-processes
CLIGBAELC301;COM-processes
CLIGBAELC400;COM-processes
CLIGBAELC401;COM-processes
CLIGBAELC500;COM-processes
CLIGBAELC501;COM-processes
CLIGBPELC100;COM-processes
CLIGBPELC200;COM-processes
CLIGBPELC300;COM-processes
CLIGBPELC301;COM-processes
CLIGBPELC400;COM-processes
CLIGBPELC401;COM-processes
CLIGBPELC500;COM-processes
CLIGBPELC501;COM-processes
CLIGCOELC100;COM-processes
CLIGCOELC200;COM-processes
CLIGCOELC300;COM-processes
CLIGCOELC301;COM-processes
CLIGCOELC400;COM-processes
CLIGCOELC401;COM-processes
CLIGCOELC500;COM-processes
CLIGCOELC501;COM-processes
CLIGCSELC100;COM-processes
CLIGCSELC200;COM-processes
CLIGCSELC300;COM-processes
CLIGCSELC301;COM-processes
CLIGCSELC400;COM-processes
CLIGCSELC401;COM-processes
CLIGCSELC500;COM-processes
CLIGCSELC501;COM-processes
CLIGDATAELC100;COM-processes
CLIGDATAELC200;COM-processes
CLIGDATAELC300;COM-processes
CLIGDATAELC301;COM-processes
CLIGDATAELC400;COM-processes
CLIGDATAELC401;COM-processes
CLIGDATAELC500;COM-processes
CLIGDATAELC501;COM-processes
CLIGENELC100;COM-processes
CLIGENELC200;COM-processes
CLIGENELC300;COM-processes
CLIGENELC301;COM-processes
CLIGENELC400;COM-processes
CLIGENELC401;COM-processes
CLIGENELC500;COM-processes
CLIGENELC501;COM-processes
CLIGNBAELC301;COM-processes
CLIGNBAELC401;COM-processes
CLIGNBAELC501;COM-processes
CLIGNBPELC301;COM-processes
CLIGNBPELC401;COM-processes
CLIGNBPELC501;COM-processes
CLIGNCOELC301;COM-processes
CLIGNCOELC401;COM-processes
CLIGNCOELC501;COM-processes
CLIGNCSELC301;COM-processes
CLIGNCSELC401;COM-processes
CLIGNCSELC501;COM-processes
CLIGNDATAELC301;COM-processes
CLIGNDATAELC401;COM-processes
CLIGNDATAELC501;COM-processes
CLIGNENELC301;COM-processes
CLIGNENELC401;COM-processes
CLIGNENELC501;COM-processes
CLIGNSAELC301;COM-processes
CLIGNSAELC401;COM-processes
CLIGNSAELC501;COM-processes
CLIGSAELC100;COM-processes
CLIGSAELC200;COM-processes
CLIGSAELC300;COM-processes
CLIGSAELC301;COM-processes
CLIGSAELC400;COM-processes
CLIGSAELC401;COM-processes
CLIGSAELC500;COM-processes
CLIGSAELC501;COM-processes
COELELC100;COM-processes
COELELC101;COM-processes
COENMIX100;COM-processes
COENMIX101;COM-processes
COSEELC100;COM-processes
COSEELC101;COM-processes
CPLIELC100;COM-processes
CPLIELC101;COM-processes
CPLIELC201;COM-processes
CREFELC100;COM-processes
CREFELC101;COM-processes
CREFELC200;COM-processes
CREFELC201;COM-processes
CREFELC300;COM-processes
CREFELC301;COM-processes
CREFELC401;COM-processes
CWBABGS100;COM-processes
CWBACPS100;COM-processes
CWBAELC100;COM-processes
CWBAELC101;COM-processes
CWBAELC200;COM-processes
CWBAELCHP201;COM-processes
CWBAGEO100;COM-processes
CWBAGMX100;COM-processes
CWBAGMX101;COM-processes
CWBAHET100;COM-processes
CWBALPG100;COM-processes
CWBALPG101;COM-processes
CWBAOIL100;COM-processes
CWBAOIL101;COM-processes
CWBAPEL100;COM-processes
CWBAPEL101;COM-processes
CWBASOL100;COM-processes
CWBASOL101;COM-processes
CWBASOLD101;COM-processes
CWBASOLE101;COM-processes
CWBASOLG101;COM-processes
CWBPBGS100;COM-processes
CWBPCPS100;COM-processes
CWBPELC100;COM-processes
CWBPELC101;COM-processes
CWBPELC200;COM-processes
CWBPELCHP201;COM-processes
CWBPGEO100;COM-processes
CWBPGEO101;COM-processes
CWBPGMX100;COM-processes
CWBPGMX101;COM-processes
CWBPHET100;COM-processes
CWBPLPG100;COM-processes
CWBPLPG101;COM-processes
CWBPOIL100;COM-processes
CWBPOIL101;COM-processes
CWBPPEL100;COM-processes
CWBPPEL101;COM-processes
CWBPSOL100;COM-processes
CWBPSOL101;COM-processes
CWBPSOL101;COM-processes
CWBPSOL101;COM-processes
CWBPSOLD101;COM-processes
CWBPSOLE101;COM-processes
CWBPSOLG101;COM-processes
CWCOBGS100;COM-processes
CWCOCPS100;COM-processes
CWCOELC100;COM-processes
CWCOELC101;COM-processes
CWCOELC200;COM-processes
CWCOELCHP201;COM-processes
CWCOGEO100;COM-processes
CWCOGMX100;COM-processes
CWCOGMX101;COM-processes
CWCOHET100;COM-processes
CWCOLPG100;COM-processes
CWCOLPG101;COM-processes
CWCOOIL100;COM-processes
CWCOOIL101;COM-processes
CWCOPEL100;COM-processes
CWCOPEL101;COM-processes
CWCOSOL100;COM-processes
CWCOSOL101;COM-processes
CWCOSOLD101;COM-processes
CWCOSOLE101;COM-processes
CWCOSOLG101;COM-processes
CWCSBGS100;COM-processes
CWCSCPS100;COM-processes
CWCSELC100;COM-processes
CWCSELC101;COM-processes
CWCSELC200;COM-processes
CWCSELCHP201;COM-processes
CWCSGEO100;COM-processes
CWCSGEO101;COM-processes
CWCSGMX100;COM-processes
CWCSGMX101;COM-processes
CWCSHET100;COM-processes
CWCSLPG100;COM-processes
CWCSLPG101;COM-processes
CWCSOIL100;COM-processes
CWCSOIL101;COM-processes
CWCSPEL100;COM-processes
CWCSPEL101;COM-processes
CWCSSOL100;COM-processes
CWCSSOL101;COM-processes
CWCSSOLD101;COM-processes
CWCSSOLE101;COM-processes
CWCSSOLG101;COM-processes
CWDATAELC101;COM-processes
CWDATAELCHP201;COM-processes
CWDATAGMX101;COM-processes
CWDATALPG101;COM-processes
CWDATAOIL101;COM-processes
CWDATAPEL101;COM-processes
CWDATBGS100;COM-processes
CWDATCPS100;COM-processes
CWDATELC100;COM-processes
CWDATELC200;COM-processes
CWDATGEO100;COM-processes
CWDATGMX100;COM-processes
CWDATHET100;COM-processes
CWDATLPG100;COM-processes
CWDATOIL100;COM-processes
CWDATPEL100;COM-processes
CWDATSOL100;COM-processes
CWENBGS100;COM-processes
CWENCPS100;COM-processes
CWENELC100;COM-processes
CWENELC101;COM-processes
CWENELC200;COM-processes
CWENELCHP201;COM-processes
CWENGEO100;COM-processes
CWENGMX100;COM-processes
CWENGMX101;COM-processes
CWENHET100;COM-processes
CWENLPG100;COM-processes
CWENLPG101;COM-processes
CWENOIL100;COM-processes
CWENOIL101;COM-processes
CWENPEL100;COM-processes
CWENPEL101;COM-processes
CWENSOL100;COM-processes
CWENSOL101;COM-processes
CWENSOLD101;COM-processes
CWENSOLE101;COM-processes
CWENSOLG101;COM-processes
CWNBAELC101;COM-processes
CWNBAELCHP201;COM-processes
CWNBAGEO101;COM-processes
CWNBAGMX101;COM-processes
CWNBALPG101;COM-processes
CWNBAOIL101;COM-processes
CWNBAPEL101;COM-processes
CWNBASOLD101;COM-processes
CWNBASOLE101;COM-processes
CWNBASOLE101;COM-processes
CWNBASOLG101;COM-processes
CWNBPELC101;COM-processes
CWNBPELCHP201;COM-processes
CWNBPGEO101;COM-processes
CWNBPGMX101;COM-processes
CWNBPLPG101;COM-processes
CWNBPOIL101;COM-processes
CWNBPPEL101;COM-processes
CWNBPSOLD101;COM-processes
CWNBPSOLE101;COM-processes
CWNBPSOLG101;COM-processes
CWNCOELC101;COM-processes
CWNCOELCHP201;COM-processes
CWNCOGMX101;COM-processes
CWNCOLPG101;COM-processes
CWNCOOIL101;COM-processes
CWNCOPEL101;COM-processes
CWNCOSOL101;COM-processes
CWNCOSOLD101;COM-processes
CWNCOSOLE101;COM-processes
CWNCOSOLG101;COM-processes
CWNCSELC101;COM-processes
CWNCSELCHP201;COM-processes
CWNCSGEO101;COM-processes
CWNCSGMX101;COM-processes
CWNCSLPG101;COM-processes
CWNCSOIL101;COM-processes
CWNCSPEL101;COM-processes
CWNCSSOL101;COM-processes
CWNCSSOLD101;COM-processes
CWNCSSOLE101;COM-processes
CWNCSSOLG101;COM-processes
CWNDATAELC101;COM-processes
CWNDATAELCHP201;COM-processes
CWNDATAGMX101;COM-processes
CWNDATALPG101;COM-processes
CWNDATAOIL101;COM-processes
CWNDATAPEL101;COM-processes
CWNENELC101;COM-processes
CWNENELCHP201;COM-processes
CWNENGEO101;COM-processes
CWNENGMX101;COM-processes
CWNENLPG101;COM-processes
CWNENOIL101;COM-processes
CWNENPEL101;COM-processes
CWNENSOL101;COM-processes
CWNENSOLD101;COM-processes
CWNENSOLE101;COM-processes
CWNENSOLG101;COM-processes
CWNSAELC101;COM-processes
CWNSAELCHP201;COM-processes
CWNSAGEO101;COM-processes
CWNSAGMX101;COM-processes
CWNSALPG101;COM-processes
CWNSAOIL101;COM-processes
CWNSAPEL101;COM-processes
CWNSASOL101;COM-processes
CWNSASOLD101;COM-processes
CWNSASOLE101;COM-processes
CWNSASOLG101;COM-processes
CWSABGS100;COM-processes
CWSACPS100;COM-processes
CWSAELC100;COM-processes
CWSAELC101;COM-processes
CWSAELC200;COM-processes
CWSAELCHP201;COM-processes
CWSAGEO100;COM-processes
CWSAGEO101;COM-processes
CWSAGMX100;COM-processes
CWSAGMX101;COM-processes
CWSAHET100;COM-processes
CWSALPG100;COM-processes
CWSALPG101;COM-processes
CWSAOIL100;COM-processes
CWSAOIL101;COM-processes
CWSAPEL100;COM-processes
CWSAPEL101;COM-processes
CWSASOL100;COM-processes
CWSASOL101;COM-processes
CWSASOLD101;COM-processes
CWSASOLE101;COM-processes
CWSASOLG101;COM-processes
IAMADVCAP10;IND-process
IAMADVPRO10;IND-process
IAMSTDPRO00;IND-process
IAMSTDPRO01;IND-process
IAMSTDPRO10;IND-process
IBKSTDPRO00;IND-process
IBKSTDPRO01;IND-process
IBOBIOPEL00;IND-process
IBOBIOPEL01;IND-process
IBOHTHSTMCPS01;IND-process
IBOHTHSTMELC01;IND-process
IBOHTHSTMGMX01;IND-process
IBOHTHSTMLFO01;IND-process
IBOPROD00;IND-process
IBOPROD01;IND-process
IBOSTMGAS00;IND-process
IBOSTMOIL00;IND-process
IBOSTMSOLID00;IND-process
ICESTDPRO00;IND-process
ICESTDPRO01;IND-process
ICHDEMAND00;IND-process
ICHELEELC00;IND-process
ICHELEELC01;IND-process
ICHMCHELC00;IND-process
ICHMCHELC01;IND-process
ICHOTH-NRG;IND-process
ICHPACELC01;IND-process
ICHPRCBIO01;IND-process
ICHPRCCOA00;IND-process
ICHPRCCOA01;IND-process
ICHPRCCOK01;IND-process
ICHPRCCPS00;IND-process
ICHPRCCPS01;IND-process
ICHPRCELC01;IND-process
ICHPRCGAS00;IND-process
ICHPRCGMX01;IND-process
ICHPRCHFO00;IND-process
ICHPRCHFO01;IND-process
ICHPRCHH202;IND-process
ICHPRCLFO01;IND-process
ICHPRCLPG01;IND-process
ICHSTMBFG01;IND-process
ICHSTMBGS01;IND-process
ICHSTMBIO01;IND-process
ICHSTMCOA00;IND-process
ICHSTMCPS00;IND-process
ICHSTMCPS01;IND-process
ICHSTMELC01;IND-process
ICHSTMGAS00;IND-process
ICHSTMGMX00;IND-process
ICHSTMGMX01;IND-process
ICHSTMHET00;IND-process
ICHSTMHET01;IND-process
ICHSTMHFO00;IND-process
ICHSTMHFO01;IND-process
ICHSTMHH201;IND-process
ICHSTMLFO00;IND-process
ICHSTMLFO01;IND-process
ICHSTMLPG00;IND-process
ICHSTMLPG01;IND-process
ICHSTMPEL01;IND-process
ICMDRYCOACC_01;IND-process
ICMDRYCOKCC_01;IND-process
ICMDRYGASCC_01;IND-process
ICMDRYHFOCC_01;IND-process
ICMDRYLFOCC_01;IND-process
ICMDRYPRD00;IND-process
ICMDRYPRD10;IND-process
ICMDRYWSTCC_01;IND-process
ICMFINPRO00;IND-process
ICMFINPRO01;IND-process
ICMPRC20;IND-process
ICMPRC21;IND-process
ICMPRC22;IND-process
ICMPRC23;IND-process
ICMPRC24;IND-process
ICMPRCCOA00;IND-process
ICMPRCCOK00;IND-process
ICMPRCCOL00;IND-process
ICMPRCGAS00;IND-process
ICMPRCHFO00;IND-process
ICMPRCSLU00;IND-process
ICMPRDCC_02;IND-process
ICMWETPRD00;IND-process
IGFFLATGL00;IND-process
IGFFLATGL01;IND-process
IGFFLATGLCC01;IND-process
IGFFLATHHCC01;IND-process
IGFFLATOXYCC01;IND-process
IGHHOLLOW00;IND-process
IGHHOLLOW01;IND-process
IGHHOLLOWCC01;IND-process
IGHHOLLOWELC01;IND-process
IGHHOLLOWHH10;IND-process
IGHHOLLOWOXYCC01;IND-process
IGHOTCO201;IND-process
IGHOTELC01;IND-process
IGHOTHH201;IND-process
IGHOTOCC01;IND-process
IGHOTSTD01;IND-process
IGHRECYCL00;IND-process
IISAODFUR01;IND-process
IISBLAFURDCI;IND-process
IISBLAFURTGR;IND-process
IISBOXFUR01;IND-process
IISBOXSCR01;IND-process
IISCOREX01;IND-process
IISCUPOLA01;IND-process
IISCYCFUR01;IND-process
IISDRIEAF01;IND-process
IISDRIH3;IND-process
IISDRISPN01;IND-process
IISELAFUR00;IND-process
IISELAFUR01;IND-process
IISFECRFR01;IND-process
IISFINELC01;IND-process
IISFINPRO00;IND-process
IISFINPRO01;IND-process
IISFINPRO02;IND-process
IISOXYGEN01;IND-process
IISPELLET01;IND-process
IISSINTER01;IND-process
IISSTMBFG01;IND-process
IISSTMCOA01;IND-process
IISSTMGAS00;IND-process
IISSTMGMX01;IND-process
IISSTMHFO01;IND-process
ILMPRCCOA00;IND-process
ILMPRCCOK00;IND-process
ILMPRCCOL00;IND-process
ILMPRCGAS00;IND-process
ILMPRCLFO00;IND-process
ILMPRCLPG00;IND-process
ILMPRCSLU00;IND-process
ILMPRDOOXCCY21;IND-process
ILMPRDOOXYCC20;IND-process
ILMPRDOOXYCC22;IND-process
ILMPRDOOXYCC23;IND-process
ILMPRDOOXYCC24;IND-process
ILMPRODCOACC_01;IND-process
ILMPRODCOKCC_01;IND-process
ILMPRODGASCC_01;IND-process
ILMPRODHFOCC_01;IND-process
ILMPRODLFOCC_01;IND-process
ILMPRODWSTCC_01;IND-process
ILMQLMPRCC02;IND-process
ILMQLMPRO00;IND-process
ILMQLMPRO01;IND-process
ILMQLMPROELC01;IND-process
IMLEVA00;IND-process
IMLEVA01;IND-process
IMLEVA02;IND-process
IMLEVA03;IND-process
IMLEVA04;IND-process
IMLEVA05;IND-process
IMLEVA06;IND-process
IMLEVA07;IND-process
IMLHTHPACELC01;IND-process
IMLHTHSTMBGS01;IND-process
IMLHTHSTMCPS01;IND-process
IMLHTHSTMELC01;IND-process
IMLHTHSTMGMX01;IND-process
IMLHTHSTMLFO01;IND-process
IMLSTMGAS00;IND-process
IMLSTMOIL00;IND-process
INDIIS01;IND-process
INFDEMAND00;IND-process
INFELEELC00;IND-process
INFELEELC01;IND-process
INFMCHELC00;IND-process
INFMCHELC01;IND-process
INFOTH-HH2;IND-process
INFOTH-NRG;IND-process
INFPACELC01;IND-process
INFPRCBIO01;IND-process
INFPRCCOA01;IND-process
INFPRCCOK01;IND-process
INFPRCCPS01;IND-process
INFPRCELC01;IND-process
INFPRCGMX00;IND-process
INFPRCGMX01;IND-process
INFPRCHFO01;IND-process
INFPRCHH202;IND-process
INFPRCLFO01;IND-process
INFPRCLPG01;IND-process
INFSTMBFG01;IND-process
INFSTMBGS01;IND-process
INFSTMBIO01;IND-process
INFSTMCOA01;IND-process
INFSTMCOK01;IND-process
INFSTMCOL01;IND-process
INFSTMCPS01;IND-process
INFSTMELC01;IND-process
INFSTMGMX00;IND-process
INFSTMGMX01;IND-process
INFSTMHET01;IND-process
INFSTMHFO01;IND-process
INFSTMHH201;IND-process
INFSTMLFO00;IND-process
INFSTMLFO01;IND-process
INFSTMLPG00;IND-process
INFSTMLPG01;IND-process
INFSTMPEL01;IND-process
INMDEMAND00;IND-process
INMELEELC00;IND-process
INMELEELC01;IND-process
INMMCHELC00;IND-process
INMMCHELC01;IND-process
INMOTH-NRG;IND-process
INMPRCBIO01;IND-process
INMPRCCOA01;IND-process
INMPRCCOK01;IND-process
INMPRCCPS01;IND-process
INMPRCELC01;IND-process
INMPRCGMX00;IND-process
INMPRCGMX01;IND-process
INMPRCHFO01;IND-process
INMPRCHH202;IND-process
INMPRCLFO00;IND-process
INMPRCLFO01;IND-process
INMPRCLPG01;IND-process
INMSTMBFG01;IND-process
INMSTMBGS01;IND-process
INMSTMBIO01;IND-process
INMSTMCOA00;IND-process
INMSTMCOA01;IND-process
INMSTMCOK01;IND-process
INMSTMCOL00;IND-process
INMSTMCOL01;IND-process
INMSTMCPS01;IND-process
INMSTMELC01;IND-process
INMSTMGMX00;IND-process
INMSTMGMX01;IND-process
INMSTMHET01;IND-process
INMSTMHFO00;IND-process
INMSTMHFO01;IND-process
INMSTMHH201;IND-process
INMSTMLFO00;IND-process
INMSTMLFO01;IND-process
INMSTMLPG00;IND-process
INMSTMLPG01;IND-process
INMSTMPEL01;IND-process
IOFDEMAND00;IND-process
IOFELEELC00;IND-process
IOFELEELC01;IND-process
IOFFROELC00;IND-process
IOFFROELC01;IND-process
IOFMCHELC00;IND-process
IOFMCHELC01;IND-process
IOFOTH-NRG;IND-process
IOFPACELC01;IND-process
IOFPRCBGS00;IND-process
IOFPRCBIO01;IND-process
IOFPRCCPS00;IND-process
IOFPRCCPS01;IND-process
IOFPRCELC01;IND-process
IOFPRCGAS00;IND-process
IOFPRCGMX00;IND-process
IOFPRCGMX01;IND-process
IOFPRCHFO01;IND-process
IOFPRCHH202;IND-process
IOFPRCLFO00;IND-process
IOFPRCLFO01;IND-process
IOFPRCLPG01;IND-process
IOFSTMBFG01;IND-process
IOFSTMBGS00;IND-process
IOFSTMBGS01;IND-process
IOFSTMBIO01;IND-process
IOFSTMCPS00;IND-process
IOFSTMCPS01;IND-process
IOFSTMELC01;IND-process
IOFSTMGAS00;IND-process
IOFSTMGMX00;IND-process
IOFSTMGMX01;IND-process
IOFSTMHET00;IND-process
IOFSTMHET01;IND-process
IOFSTMHFO01;IND-process
IOFSTMHH201;IND-process
IOFSTMLFO00;IND-process
IOFSTMLFO01;IND-process
IOFSTMLPG00;IND-process
IOFSTMLPG01;IND-process
IOFSTMPEL01;IND-process
IOIDEMAND00;IND-process
IOIELEELC00;IND-process
IOIELEELC01;IND-process
IOIMCHELC00;IND-process
IOIMCHELC01;IND-process
IOIOTH-NRG;IND-process
IOIPACELC01;IND-process
IOIPRCBIO01;IND-process
IOIPRCCPS01;IND-process
IOIPRCELC01;IND-process
IOIPRCGAS00;IND-process
IOIPRCGMX00;IND-process
IOIPRCGMX01;IND-process
IOIPRCHFO01;IND-process
IOIPRCHH202;IND-process
IOIPRCLFO00;IND-process
IOIPRCLFO01;IND-process
IOIPRCLPG01;IND-process
IOISTMBFG01;IND-process
IOISTMBGS01;IND-process
IOISTMBIO01;IND-process
IOISTMCOK00;IND-process
IOISTMCPS00;IND-process
IOISTMCPS01;IND-process
IOISTMELC01;IND-process
IOISTMGAS00;IND-process
IOISTMGMX00;IND-process
IOISTMGMX01;IND-process
IOISTMHET01;IND-process
IOISTMHFO00;IND-process
IOISTMHFO01;IND-process
IOISTMHH201;IND-process
IOISTMLFO00;IND-process
IOISTMLFO01;IND-process
IOISTMLPG00;IND-process
IOISTMLPG01;IND-process
IOISTMPEL01;IND-process
IPOHTHPACELC01;IND-process
IPOHTHSTMBGS01;IND-process
IPOHTHSTMCPS01;IND-process
IPOHTHSTMELC01;IND-process
IPOHTHSTMGMX01;IND-process
IPOHTHSTMLFO01;IND-process
IPOPREPA00;IND-process
IPOPREPA01;IND-process
IPOPREPA02;IND-process
IPOPREPA03;IND-process
IPOPREPA04;IND-process
IPOSTMGAS00;IND-process
IPOSTMOIL00;IND-process
IPPHIGQUA00;IND-process
IPPHIGQUA01;IND-process
IPPHIGQUA05;IND-process
IPPHIGQUA11;IND-process
IPPHIGQUA55;IND-process
IPPPACELC01;IND-process
IPPPRCBIO01;IND-process
IPPPRCCOA01;IND-process
IPPPRCGAS00;IND-process
IPPPRCGMX01;IND-process
IPPPRCHFO00;IND-process
IPPPRCHFO01;IND-process
IPPPRCLFO00;IND-process
IPPPRCLFO01;IND-process
IPPPRCLPG00;IND-process
IPPPUPCHE00;IND-process
IPPPUPCHE01;IND-process
IPPPUPIMP00;IND-process
IPPPUPMEC01;IND-process
IPPPUPMEC10;IND-process
IPPPUPMEC20;IND-process
IPPPUPRYC00;IND-process
IPPPUPRYC01;IND-process
IPPSTMCOA01;IND-process
IPPSTMGMX01;IND-process
IPPSTMHET00;IND-process
IPPSTMHFO01;IND-process
IPPSTMHH201;IND-process
ISGHTHSTMBGS01;IND-process
ISGHTHSTMCOA01;IND-process
ISGHTHSTMCPS01;IND-process
ISGHTHSTMELC01;IND-process
ISGHTHSTMGMX01;IND-process
ISGHTHSTMLFO01;IND-process
ISGHTHSTMLPG01;IND-process
ISGPREPA00;IND-process
ISGPREPA01;IND-process
ISGPROD00;IND-process
ISGPROD01;IND-process
ISGSTMGAS00;IND-process
ISGSTMOIL00;IND-process
ISGSTMSOLID00;IND-process
IMPDEMZ;RSD-processes
IMPNRGZ;RSD-processes
RCDRELC100;RSD-processes
RCDRELC101;RSD-processes
RCDRELC201;RSD-processes
RCOKCOA100;RSD-processes
RCOKELC100;RSD-processes
RCOKELC101;RSD-processes
RCOKELC201;RSD-processes
RCOKELC301;RSD-processes
RCOKGAS101;RSD-processes
RCOKGMX100;RSD-processes
RCOKLOG100;RSD-processes
RCOKLPG100;RSD-processes
RCOKOIL100;RSD-processes
RCOKSOL100;RSD-processes
RCWAELC100;RSD-processes
RCWAELC101;RSD-processes
RCWAELC200;RSD-processes
RCWAELC201;RSD-processes
RCWAELC301;RSD-processes
RCWAELC401;RSD-processes
RDWAELC100;RSD-processes
RDWAELC101;RSD-processes
RDWAELC201;RSD-processes
RH2FBDLN1;RSD-processes
RH2FCOA100;RSD-processes
RH2FELC100;RSD-processes
RH2FELC200;RSD-processes
RH2FELCHPN1;RSD-processes
RH2FELCHPN2;RSD-processes
RH2FELCHPN3;RSD-processes
RH2FELCHPN4;RSD-processes
RH2FELCHPN6;RSD-processes
RH2FELCN1;RSD-processes
RH2FGEO100;RSD-processes
RH2FGMX100;RSD-processes
RH2FGMXN1;RSD-processes
RH2FGMXN2;RSD-processes
RH2FHET100;RSD-processes
RH2FHETN1;RSD-processes
RH2FLOG100;RSD-processes
RH2FLOGN1;RSD-processes
RH2FLOGN2;RSD-processes
RH2FLPG100;RSD-processes
RH2FLPGN1;RSD-processes
RH2FLPGN2;RSD-processes
RH2FOIL100;RSD-processes
RH2FOILN1;RSD-processes
RH2FOILN3;RSD-processes
RH2FPEL100;RSD-processes
RH2FPELN1;RSD-processes
RH2FPELN2;RSD-processes
RH2FSOL100;RSD-processes
RH3FBDLN1;RSD-processes
RH3FCOA100;RSD-processes
RH3FELC100;RSD-processes
RH3FELC200;RSD-processes
RH3FELCHPN1;RSD-processes
RH3FELCHPN2;RSD-processes
RH3FELCHPN3;RSD-processes
RH3FELCHPN4;RSD-processes
RH3FELCHPN6;RSD-processes
RH3FELCN1;RSD-processes
RH3FGEO100;RSD-processes
RH3FGMX100;RSD-processes
RH3FGMXN1;RSD-processes
RH3FGMXN2;RSD-processes
RH3FHET100;RSD-processes
RH3FHETN1;RSD-processes
RH3FLOG100;RSD-processes
RH3FLOGN1;RSD-processes
RH3FLOGN2;RSD-processes
RH3FLPG100;RSD-processes
RH3FLPGN1;RSD-processes
RH3FLPGN2;RSD-processes
RH3FOIL100;RSD-processes
RH3FOILN1;RSD-processes
RH3FOILN3;RSD-processes
RH3FPEL100;RSD-processes
RH3FPELN1;RSD-processes
RH3FPELN2;RSD-processes
RH3FSOL100;RSD-processes
RH4FBDLN1;RSD-processes
RH4FCOA100;RSD-processes
RH4FELC100;RSD-processes
RH4FELC200;RSD-processes
RH4FELCHPN1;RSD-processes
RH4FELCHPN2;RSD-processes
RH4FELCHPN3;RSD-processes
RH4FELCHPN4;RSD-processes
RH4FELCHPN6;RSD-processes
RH4FELCN1;RSD-processes
RH4FGEO100;RSD-processes
RH4FGMX100;RSD-processes
RH4FGMXN1;RSD-processes
RH4FGMXN2;RSD-processes
RH4FHET100;RSD-processes
RH4FHETN1;RSD-processes
RH4FLOG100;RSD-processes
RH4FLOGN1;RSD-processes
RH4FLOGN2;RSD-processes
RH4FLPG100;RSD-processes
RH4FLPGN1;RSD-processes
RH4FLPGN2;RSD-processes
RH4FOIL100;RSD-processes
RH4FOILN1;RSD-processes
RH4FOILN3;RSD-processes
RH4FPEL100;RSD-processes
RH4FPELN1;RSD-processes
RH4FPELN2;RSD-processes
RH4FSOL100;RSD-processes
RHAPBDLN1;RSD-processes
RHAPCOA100;RSD-processes
RHAPELC100;RSD-processes
RHAPELC200;RSD-processes
RHAPELCHPN1;RSD-processes
RHAPELCHPN2;RSD-processes
RHAPELCHPN3;RSD-processes
RHAPELCHPN4;RSD-processes
RHAPELCHPN6;RSD-processes
RHAPELCN1;RSD-processes
RHAPGEO100;RSD-processes
RHAPGMX100;RSD-processes
RHAPGMXN1;RSD-processes
RHAPGMXN2;RSD-processes
RHAPHET100;RSD-processes
RHAPHETN1;RSD-processes
RHAPLOG100;RSD-processes
RHAPLOGN1;RSD-processes
RHAPLOGN2;RSD-processes
RHAPLPG100;RSD-processes
RHAPLPGN1;RSD-processes
RHAPLPGN2;RSD-processes
RHAPOIL100;RSD-processes
RHAPOILN1;RSD-processes
RHAPOILN3;RSD-processes
RHAPPEL100;RSD-processes
RHAPPELN1;RSD-processes
RHAPPELN2;RSD-processes
RHAPSOL100;RSD-processes
RHN2FBDLN1;RSD-processes
RHN2FELCHPN1;RSD-processes
RHN2FELCHPN2;RSD-processes
RHN2FELCHPN3;RSD-processes
RHN2FELCHPN4;RSD-processes
RHN2FELCHPN6;RSD-processes
RHN2FELCN1;RSD-processes
RHN2FGMXN1;RSD-processes
RHN2FGMXN2;RSD-processes
RHN2FHETN1;RSD-processes
RHN2FLOGN1;RSD-processes
RHN2FLOGN2;RSD-processes
RHN2FLPGN1;RSD-processes
RHN2FLPGN2;RSD-processes
RHN2FOILN1;RSD-processes
RHN2FOILN3;RSD-processes
RHN2FPELN1;RSD-processes
RHN2FPELN2;RSD-processes
RHN3FBDLN1;RSD-processes
RHN3FELCHPN1;RSD-processes
RHN3FELCHPN2;RSD-processes
RHN3FELCHPN3;RSD-processes
RHN3FELCHPN4;RSD-processes
RHN3FELCHPN6;RSD-processes
RHN3FELCN1;RSD-processes
RHN3FGMXN1;RSD-processes
RHN3FGMXN2;RSD-processes
RHN3FHETN1;RSD-processes
RHN3FLOGN1;RSD-processes
RHN3FLOGN2;RSD-processes
RHN3FLPGN1;RSD-processes
RHN3FLPGN2;RSD-processes
RHN3FOILN1;RSD-processes
RHN3FOILN3;RSD-processes
RHN3FPELN1;RSD-processes
RHN3FPELN1;RSD-processes
RHN4FBDLN1;RSD-processes
RHN4FELCHPN1;RSD-processes
RHN4FELCHPN2;RSD-processes
RHN4FELCHPN3;RSD-processes
RHN4FELCHPN4;RSD-processes
RHN4FELCHPN6;RSD-processes
RHN4FELCN1;RSD-processes
RHN4FGMXN1;RSD-processes
RHN4FGMXN2;RSD-processes
RHN4FHETN1;RSD-processes
RHN4FLOGN1;RSD-processes
RHN4FLOGN2;RSD-processes
RHN4FLPGN1;RSD-processes
RHN4FLPGN2;RSD-processes
RHN4FOILN1;RSD-processes
RHN4FOILN3;RSD-processes
RHN4FPELN1;RSD-processes
RHN4FPELN1;RSD-processes
RHNAPBDLN1;RSD-processes
RHNAPELCHPN1;RSD-processes
RHNAPELCHPN2;RSD-processes
RHNAPELCHPN3;RSD-processes
RHNAPELCHPN4;RSD-processes
RHNAPELCHPN6;RSD-processes
RHNAPELCN1;RSD-processes
RHNAPGMXHPN1;RSD-processes
RHNAPGMXHPN2;RSD-processes
RHNAPGMXN1;RSD-processes
RHNAPGMXN2;RSD-processes
RHNAPHETN1;RSD-processes
RHNAPLOGN1;RSD-processes
RHNAPLOGN2;RSD-processes
RHNAPLPGHPN1;RSD-processes
RHNAPLPGHPN2;RSD-processes
RHNAPLPGN1;RSD-processes
RHNAPLPGN2;RSD-processes
RHNAPOILN1;RSD-processes
RHNAPOILN3;RSD-processes
RHNAPPELN1;RSD-processes
RHNAPPELN1;RSD-processes
RLIGELC100;RSD-processes
RLIGELC200;RSD-processes
RLIGELC201;RSD-processes
RLIGELC300;RSD-processes
RLIGELC301;RSD-processes
RLIGELC400;RSD-processes
RLIGELC401;RSD-processes
RLIGELC500;RSD-processes
ROELELC100;RSD-processes
ROELELC101;RSD-processes
ROENGSL100;RSD-processes
ROENGSL101;RSD-processes
RREFELC100;RSD-processes
RREFELC200;RSD-processes
RREFELC300;RSD-processes
RREFELC501;RSD-processes
RREFELC601;RSD-processes
RW2FCOA100;RSD-processes
RW2FELC100;RSD-processes
RW2FELC101;RSD-processes
RW2FELCHPN1;RSD-processes
RW2FELCN1;RSD-processes
RW2FELCSOLN1;RSD-processes
RW2FGEO100;RSD-processes
RW2FGMX100;RSD-processes
RW2FGMXN1;RSD-processes
RW2FGMXSOLN1;RSD-processes
RW2FHET100;RSD-processes
RW2FLOG100;RSD-processes
RW2FLPG100;RSD-processes
RW2FLPGN1;RSD-processes
RW2FOIL100;RSD-processes
RW2FOILN1;RSD-processes
RW2FOILSOLN1;RSD-processes
RW2FPEL100;RSD-processes
RW2FPELN1;RSD-processes
RW2FSOL100;RSD-processes
RW3FCOA100;RSD-processes
RW3FELC100;RSD-processes
RW3FELC101;RSD-processes
RW3FELCHPN1;RSD-processes
RW3FELCN3;RSD-processes
RW3FELCSOLN1;RSD-processes
RW3FGEO100;RSD-processes
RW3FGMX100;RSD-processes
RW3FGMXN3;RSD-processes
RW3FGMXSOLN1;RSD-processes
RW3FHET100;RSD-processes
RW3FLOG100;RSD-processes
RW3FLPG100;RSD-processes
RW3FLPGN3;RSD-processes
RW3FOIL100;RSD-processes
RW3FOILN3;RSD-processes
RW3FOILSOLN1;RSD-processes
RW3FPEL100;RSD-processes
RW3FPELN3;RSD-processes
RW3FSOL100;RSD-processes
RW4FCOA100;RSD-processes
RW4FELC100;RSD-processes
RW4FELC101;RSD-processes
RW4FELCHPN1;RSD-processes
RW4FELCN1;RSD-processes
RW4FELCSOLN1;RSD-processes
RW4FGEO100;RSD-processes
RW4FGMX100;RSD-processes
RW4FGMXN1;RSD-processes
RW4FGMXSOLN1;RSD-processes
RW4FHET100;RSD-processes
RW4FLOG100;RSD-processes
RW4FLPG100;RSD-processes
RW4FLPGN1;RSD-processes
RW4FOIL100;RSD-processes
RW4FOILN1;RSD-processes
RW4FOILSOLN1;RSD-processes
RW4FPEL100;RSD-processes
RW4FPELN1;RSD-processes
RW4FSOL100;RSD-processes
RWAPCOA100;RSD-processes
RWAPELC100;RSD-processes
RWAPELC101;RSD-processes
RWAPELCHPN1;RSD-processes
RWAPELCN1;RSD-processes
RWAPELCSOLN1;RSD-processes
RWAPGEO100;RSD-processes
RWAPGMX100;RSD-processes
RWAPGMXN1;RSD-processes
RWAPGMXSOLN1;RSD-processes
RWAPHET100;RSD-processes
RWAPLOG100;RSD-processes
RWAPLPG100;RSD-processes
RWAPLPGN1;RSD-processes
RWAPOIL100;RSD-processes
RWAPOILN1;RSD-processes
RWAPOILSOLN1;RSD-processes
RWAPPEL100;RSD-processes
RWAPPELN1;RSD-processes
RWAPSOL100;RSD-processes
RWN2FELCHPN1;RSD-processes
RWN2FELCN1;RSD-processes
RWN2FELCSOLN1;RSD-processes
RWN2FGMXN1;RSD-processes
RWN2FGMXSOLN1;RSD-processes
RWN2FLPGN1;RSD-processes
RWN2FOILN1;RSD-processes
RWN2FOILSOLN1;RSD-processes
RWN2FPELN1;RSD-processes
RWN3FELCHPN1;RSD-processes
RWN3FELCN3;RSD-processes
RWN3FELCSOLN1;RSD-processes
RWN3FGMXN3;RSD-processes
RWN3FGMXSOLN1;RSD-processes
RWN3FLPGN3;RSD-processes
RWN3FOILN3;RSD-processes
RWN3FOILSOLN1;RSD-processes
RWN3FPELN3;RSD-processes
RWN4FELCHPN1;RSD-processes
RWN4FELCN1;RSD-processes
RWN4FELCSOLN1;RSD-processes
RWN4FGMXN1;RSD-processes
RWN4FGMXSOLN1;RSD-processes
RWN4FLPGN1;RSD-processes
RWN4FOILN1;RSD-processes
RWN4FOILSOLN1;RSD-processes
RWN4FPELN1;RSD-processes
RWNAPELCHPN1;RSD-processes
RWNAPELCN1;RSD-processes
RWNAPELCSOLN1;RSD-processes
RWNAPGMXN1;RSD-processes
RWNAPGMXSOLN1;RSD-processes
RWNAPLPGN1;RSD-processes
RWNAPOILN1;RSD-processes
RWNAPOILSOLN1;RSD-processes
RWNAPPELN1;RSD-processes
IMPDEMZ;TRA-processes
TADFKER00;TRA-processes
TADPKER00;TRA-processes
TAIFKER00;TRA-processes
TAIPKER00;TRA-processes
TAVDOMBDLFN01;TRA-processes
TAVDOMBDLPN01;TRA-processes
TAVINTHH2FN01;TRA-processes
TAVINTHH2PN01;TRA-processes
TBUSBDLCN01;TRA-processes
TBUSBDLU00;TRA-processes
TBUSBDLUN01;TRA-processes
TBUSDSTC00;TRA-processes
TBUSDSTCN01;TRA-processes
TBUSDSTHEVU00;TRA-processes
TBUSDSTU00;TRA-processes
TBUSDSTUHEVN01;TRA-processes
TBUSDSTUN01;TRA-processes
TBUSELCUN01;TRA-processes
TBUSETHCN01;TRA-processes
TBUSETHUN01;TRA-processes
TBUSGH2CN01;TRA-processes
TBUSGH2UN01;TRA-processes
TBUSGMXCN01;TRA-processes
TBUSGMXU00;TRA-processes
TBUSGMXUN01;TRA-processes
TBUSGSLCN01;TRA-processes
TBUSGSLUN01;TRA-processes
TBUSHDSTU00;TRA-processes
TCARDSTEX00;TRA-processes
TCARDSTEXN01;TRA-processes
TCARDSTHEV4EXN01;TRA-processes
TCARDSTHYBEXN01;TRA-processes
TCARDSTHYBMLN01;TRA-processes
TCARDSTHYBMUN01;TRA-processes
TCARDSTHYBSMN01;TRA-processes
TCARDSTML00;TRA-processes
TCARDSTMLN01;TRA-processes
TCARDSTMU00;TRA-processes
TCARDSTMUN01;TRA-processes
TCARDSTSM00;TRA-processes
TCARDSTSMN01;TRA-processes
TCARDTSHEVEX00;TRA-processes
TCARELCEXN01;TRA-processes
TCARELCML00;TRA-processes
TCARELCMLN01;TRA-processes
TCARELCMUN01;TRA-processes
TCARELCSMN01;TRA-processes
TCARGH2FCEXN01;TRA-processes
TCARGH2FCMLN01;TRA-processes
TCARGH2FCMUN01;TRA-processes
TCARGH2FCSMN01;TRA-processes
TCARGMXEX00;TRA-processes
TCARGMXEXN01;TRA-processes
TCARGMXML00;TRA-processes
TCARGMXMLN01;TRA-processes
TCARGMXMU00;TRA-processes
TCARGMXMUN01;TRA-processes
TCARGMXSMN01;TRA-processes
TCARGSLEX00;TRA-processes
TCARGSLEXN01;TRA-processes
TCARGSLHEV4EXN01;TRA-processes
TCARGSLHEVEX00;TRA-processes
TCARGSLHEVML00;TRA-processes
TCARGSLHEVMU00;TRA-processes
TCARGSLHYBEXN01;TRA-processes
TCARGSLHYBMLN01;TRA-processes
TCARGSLHYBMUN01;TRA-processes
TCARGSLHYBSMN01;TRA-processes
TCARGSLML00;TRA-processes
TCARGSLMLN01;TRA-processes
TCARGSLMU00;TRA-processes
TCARGSLMUN01;TRA-processes
TCARGSLSM00;TRA-processes
TCARGSLSMN01;TRA-processes
TCARHGSLEX00;TRA-processes
TCARHGSLML00;TRA-processes
TCARHGSLMU00;TRA-processes
TCARHGSLSM00;TRA-processes
TCARLPGEX00;TRA-processes
TCARLPGEXN01;TRA-processes
TCARLPGML00;TRA-processes
TCARLPGMLN01;TRA-processes
TCARLPGMU00;TRA-processes
TCARLPGMUN01;TRA-processes
TCARLPGSM00;TRA-processes
TCARLPGSMN01;TRA-processes
THDTDSTH1N01;TRA-processes
THDTDSTH200;TRA-processes
THDTDSTH2N01;TRA-processes
THDTDSTH300;TRA-processes
THDTDSTH3N01;TRA-processes
THDTDSTH400;TRA-processes
THDTDSTH4N01;TRA-processes
THDTDSTH500;TRA-processes
THDTDSTH5N01;TRA-processes
THDTDSTHYBH2N01;TRA-processes
THDTDSTHYBH3N01;TRA-processes
THDTDSTHYBH4N01;TRA-processes
THDTDSTHYBH5N01;TRA-processes
THDTELCH00;TRA-processes
THDTELCH1N01;TRA-processes
THDTELCH2N01;TRA-processes
THDTELCH3N01;TRA-processes
THDTELCH4N01;TRA-processes
THDTELCH5N01;TRA-processes
THDTGH2H1N01;TRA-processes
THDTGH2H2N01;TRA-processes
THDTGH2H3N01;TRA-processes
THDTGH2H4N01;TRA-processes
THDTGH2H5N01;TRA-processes
THDTGMXH1N01;TRA-processes
THDTGMXH1N02;TRA-processes
THDTGMXH2N01;TRA-processes
THDTGMXH3N01;TRA-processes
THDTGMXH4N01;TRA-processes
THDTGMXH5N01;TRA-processes
THDTGSLH100;TRA-processes
THDTGSLH1N01;TRA-processes
THDTGSLHYBH1N01;TRA-processes
TLCVBDLLCN01;TRA-processes
TLCVDSTHYBLCN01;TRA-processes
TLCVDSTLC00;TRA-processes
TLCVDSTLCN01;TRA-processes
TLCVELCLC00;TRA-processes
TLCVELCLCN01;TRA-processes
TLCVETHHYBLCN01;TRA-processes
TLCVETHLCN01;TRA-processes
TLCVGH2LCN01;TRA-processes
TLCVGMXLCN01;TRA-processes
TLCVGSLLC00;TRA-processes
TLCVGSLLCN01;TRA-processes
TMOPELC00;TRA-processes
TMOPELCN01;TRA-processes
TMOPGSL00;TRA-processes
TMOPGSLN01;TRA-processes
TMOTELCN01;TRA-processes
TMOTGSL00;TRA-processes
TMOTGSLN01;TRA-processes
TNAINLBDLN01;TRA-processes
TNDFDST00;TRA-processes
TTFELCDST00;TRA-processes
TTPELCDST00;TRA-processes
CHCOCPSCHPN01_N;CHP-processes
CHCOGMXCHPN01_N;CHP-processes
CHCOOILCHPN01_N;CHP-processes
CHCOPELCHPN01_N;CHP-processes
CHCSCPSCHPN01_N;CHP-processes
CHCSGMXCHPN01_N;CHP-processes
CHCSOILCHPN01_N;CHP-processes
CHCSPELCHPN01_N;CHP-processes
CHPINDBGSIOFN00_N;CHP-processes
CHPINDBGSIOIN00_N;CHP-processes
CHPINDBGSIPON00_N;CHP-processes
CHPINDBGSISGN00_N;CHP-processes
CHPINDBIOIOIN00_N;CHP-processes
CHPINDBLQIPPN00_N;CHP-processes
CHPINDCOGIISN00_N;CHP-processes
CHPINDCPSIBPN00_N;CHP-processes
CHPINDCPSICHN00_N;CHP-processes
CHPINDCPSIMLN00_N;CHP-processes
CHPINDCPSIOFN00_N;CHP-processes
CHPINDCPSIOIN00_N;CHP-processes
CHPINDCPSIPPN00_N;CHP-processes
CHPINDCPSISGN00_N;CHP-processes
CHPINDGMXICHN00_N;CHP-processes
CHPINDGMXIISN00_N;CHP-processes
CHPINDGMXIMLN00_N;CHP-processes
CHPINDGMXIOFN00_N;CHP-processes
CHPINDGMXIOIN00_N;CHP-processes
CHPINDGMXIPON00_N;CHP-processes
CHPINDGMXIPPN00_N;CHP-processes
CHPINDGMXISGN00_N;CHP-processes
CHPINDHFOIISN00_N;CHP-processes
CHPINDHFOIPPN00_N;CHP-processes
CHPINDIBP00;CHP-processes
CHPINDICH00;CHP-processes
CHPINDIML00;CHP-processes
CHPINDINF00;CHP-processes
CHPINDINM00;CHP-processes
CHPINDIOF00;CHP-processes
CHPINDIOI00;CHP-processes
CHPINDIPO00;CHP-processes
CHPINDIPP00;CHP-processes
CHPINDISG00;CHP-processes
CHPINDLFOICHN00_N;CHP-processes
CHPINDLFOIISN00_N;CHP-processes
CHPINDLFOIOFN00_N;CHP-processes
CHPINDLFOIOIN00_N;CHP-processes
CHPINDLFOIPPN00_N;CHP-processes
CHPINDPELICHN00_N;CHP-processes
CHPINDPELICHN00_N;CHP-processes
CHPINDPELIMLN00_N;CHP-processes
CHPINDPELIOIN00_N;CHP-processes
CHPINDPELISGN00_N;CHP-processes
CHPINDWSTIOFN00_N;CHP-processes
CHPINDWSTIOIN00_N;CHP-processes
CHPINDWSTIPPN00_N;CHP-processes
CHSACPSCHPN01_N;CHP-processes
CHSAGMXCHPN01_N;CHP-processes
CHSAOILCHPN01_N;CHP-processes
CHSAPELCHPN01_N;CHP-processes
ECHPP_AED_BGS_N;CHP-processes
ECHPP_CCGT-CHP_GAS_N;CHP-processes
ECHPP_CHP_WOO_N;CHP-processes
ECHPP_COM_BGS_E05;CHP-processes
ECHPP_COM_CPS_E01;CHP-processes
ECHPP_COM_GAS_E04;CHP-processes
ECHPP_COM_OIL_E06;CHP-processes
ECHPP_COM_PEL_E03;CHP-processes
ECHPP_MOT_BGS_E01;CHP-processes
ECHPP_MOT_BIO_E02;CHP-processes
ECHPP_MOT_GAS_E04;CHP-processes
ECHPP_MOT_OIL_E03;CHP-processes
AGRAPP00;AGR-processes
AGRHH00;AGR-processes
AGRHH01;AGR-processes
AGROFR00;AGR-processes
AGROFR01;AGR-processes
IMPDEMZ;AGR-processes
AGRPVELC;ELC-processes
COMPVELC;ELC-processes
ERNW_PV-Buildings_SOL_N;ELC-processes
ERNW_PV-GreenField_SOL_N;ELC-processes
ERNW_PV-Large_Roof_SOL_N;ELC-processes
ERNW_PV-RES_Homes_SOL_N;ELC-processes
INDPVELC;ELC-processes
RSDPVELC;ELC-processes
ENUC_Thiange;ELC-processes
ERNW_Eolien_Big_E1;ELC-processes
ERNW_Eolien_Medium_E3;ELC-processes
ERNW_Eolien_Small_E4;ELC-processes
ERNW_GEO-EGS_GEO_N;ELC-processes
ERNW_HYD_HYD_N;ELC-processes
ERNW_Hydro_Big_E5;ELC-processes
ERNW_Hydro_Medium_E6;ELC-processes
ERNW_Hydro_Pompage_E8;ELC-processes
ERNW_Hydro_Small_E7;ELC-processes
ERNW_WINON-Small_WIN_N;ELC-processes
ERNW_WINON_WIN_N;ELC-processes
ETSTP_CCGT-CCS_PostC_GAS_N;ELC-processes
ETSTP_CCGT_GAS_N;ELC-processes
ETSTP_FB-CCS_PostC_COL_N;ELC-processes
ETSTP_FBB_WOO_N;ELC-processes
ETSTP_GFST_WOO_N;ELC-processes
ETSTP_IGCC-CCS_PreC_COH_N;ELC-processes
ETSTP_IGCC-CCS_PreC_COL_N;ELC-processes
ETSTP_IGCC_COH_N;ELC-processes
ETSTP_IGCC_COL_N;ELC-processes
ETSTP_IGCC_WOO_N;ELC-processes
ETSTP_MOT_BGS_E09;ELC-processes
ETSTP_NUC-LCFR_NUC_N;ELC-processes
ETSTP_NUC-LWR-GEN3_NUC_N;ELC-processes
ETSTP_NUC-LWR-SM_NUC_N;ELC-processes
ETSTP_NUC-SCFR-GEN4_NUC_N;ELC-processes
ETSTP_OCGT-A_GAS_N;ELC-processes
ETSTP_OCGT-C_GAS_N;ELC-processes
ETSTP_PSC-CCS_Oxyf_COH_N;ELC-processes
ETSTP_PSC-CCS_PostC_COH_N;ELC-processes
ETSTP_PSC_COH_N;ELC-processes
ETSTP_PSC_COL_N;ELC-processes
ETSTP_SCFB_COL_N;ELC-processes
ETSTP_TAG_GAS_E06;ELC-processes
ETSTP_TBJ_KER_E05;ELC-processes
ETSTP_TGV_GAS_E01;ELC-processes
ETSTP_TGV_GAS_E02;ELC-processes
ETSTP_TGV_GAS_E03;ELC-processes
ETSTP_TGV_GAS_E04;ELC-processes
ETSTP_TVC_WST_E11;ELC-processes
IMPDEMZ;IND-processNE
NECDEMAND00;IND-processNE
NEODEMAND00;IND-processNE
